-- phpMyAdmin SQL Dump
-- version 4.0.10deb1
-- http://www.phpmyadmin.net
--
-- Host: localhost
-- Generation Time: Oct 29, 2015 at 09:59 AM
-- Server version: 5.5.46-0ubuntu0.14.04.2
-- PHP Version: 5.5.9-1ubuntu4.13

SET SQL_MODE = "NO_AUTO_VALUE_ON_ZERO";
SET time_zone = "+00:00";


/*!40101 SET @OLD_CHARACTER_SET_CLIENT=@@CHARACTER_SET_CLIENT */;
/*!40101 SET @OLD_CHARACTER_SET_RESULTS=@@CHARACTER_SET_RESULTS */;
/*!40101 SET @OLD_COLLATION_CONNECTION=@@COLLATION_CONNECTION */;
/*!40101 SET NAMES utf8 */;

--
-- Database: `asrama`
--

-- --------------------------------------------------------

--
-- Table structure for table `asrama`
--

CREATE TABLE IF NOT EXISTS `asrama` (
  `id` int(11) NOT NULL AUTO_INCREMENT,
  `nama` varchar(255) COLLATE utf8_unicode_ci NOT NULL,
  `is_active` tinyint(1) NOT NULL,
  `created_at` datetime NOT NULL,
  `updated_at` datetime DEFAULT NULL,
  `token` varchar(255) COLLATE utf8_unicode_ci NOT NULL,
  `is_delete` tinyint(1) DEFAULT NULL,
  PRIMARY KEY (`id`),
  UNIQUE KEY `UNIQ_AEDD6A675F37A13B` (`token`)
) ENGINE=InnoDB  DEFAULT CHARSET=utf8 COLLATE=utf8_unicode_ci AUTO_INCREMENT=5 ;

--
-- Dumping data for table `asrama`
--

INSERT INTO `asrama` (`id`, `nama`, `is_active`, `created_at`, `updated_at`, `token`, `is_delete`) VALUES
(4, 'ILLAGO', 1, '2015-10-29 09:55:20', NULL, 'd008a5fcf2245a0de58259c53fec067052f46d99', 0);

-- --------------------------------------------------------

--
-- Table structure for table `kabupaten`
--

CREATE TABLE IF NOT EXISTS `kabupaten` (
  `id` int(11) NOT NULL AUTO_INCREMENT,
  `provinsi_id` int(11) DEFAULT NULL,
  `name` varchar(255) COLLATE utf8_unicode_ci NOT NULL,
  `is_delete` tinyint(1) DEFAULT NULL,
  `is_active` tinyint(1) NOT NULL,
  `created_at` datetime NOT NULL,
  `updated_at` datetime DEFAULT NULL,
  `token` varchar(255) COLLATE utf8_unicode_ci NOT NULL,
  PRIMARY KEY (`id`),
  UNIQUE KEY `UNIQ_F88809D45F37A13B` (`token`),
  KEY `IDX_F88809D4C3703970` (`provinsi_id`)
) ENGINE=InnoDB  DEFAULT CHARSET=utf8 COLLATE=utf8_unicode_ci AUTO_INCREMENT=499 ;

--
-- Dumping data for table `kabupaten`
--

INSERT INTO `kabupaten` (`id`, `provinsi_id`, `name`, `is_delete`, `is_active`, `created_at`, `updated_at`, `token`) VALUES
(1, 1, 'Kabupaten Aceh Barat', NULL, 1, '0000-00-00 00:00:00', '0000-00-00 00:00:00', '1'),
(2, 1, 'Kabupaten Aceh Barat Daya', NULL, 1, '0000-00-00 00:00:00', '0000-00-00 00:00:00', '2'),
(3, 1, 'Kabupaten Aceh Besar', NULL, 1, '0000-00-00 00:00:00', '0000-00-00 00:00:00', '3'),
(4, 1, 'Kabupaten Aceh Jaya', NULL, 1, '0000-00-00 00:00:00', '0000-00-00 00:00:00', '4'),
(5, 1, 'Kabupaten Aceh Selatan', NULL, 1, '0000-00-00 00:00:00', '0000-00-00 00:00:00', '5'),
(6, 1, 'Kabupaten Aceh Singkil', NULL, 1, '0000-00-00 00:00:00', '0000-00-00 00:00:00', '6'),
(7, 1, 'Kabupaten Aceh Tamiang', NULL, 1, '0000-00-00 00:00:00', '0000-00-00 00:00:00', '7'),
(8, 1, 'Kabupaten Aceh Tengah', NULL, 1, '0000-00-00 00:00:00', '0000-00-00 00:00:00', '8'),
(9, 1, 'Kabupaten Aceh Tenggara', NULL, 1, '0000-00-00 00:00:00', '0000-00-00 00:00:00', '9'),
(10, 1, 'Kabupaten Aceh Timur', NULL, 1, '0000-00-00 00:00:00', '0000-00-00 00:00:00', '10'),
(11, 1, 'Kabupaten Aceh Utara', NULL, 1, '0000-00-00 00:00:00', '0000-00-00 00:00:00', '11'),
(12, 1, 'Kabupaten Bener Meriah', NULL, 1, '0000-00-00 00:00:00', '0000-00-00 00:00:00', '12'),
(13, 1, 'Kabupaten Bireuen', NULL, 1, '0000-00-00 00:00:00', '0000-00-00 00:00:00', '13'),
(14, 1, 'Kabupaten Gayo Lues', NULL, 1, '0000-00-00 00:00:00', '0000-00-00 00:00:00', '14'),
(15, 1, 'Kabupaten Nagan Raya', NULL, 1, '0000-00-00 00:00:00', '0000-00-00 00:00:00', '15'),
(16, 1, 'Kabupaten Pidie', NULL, 1, '0000-00-00 00:00:00', '0000-00-00 00:00:00', '16'),
(17, 1, 'Kabupaten Pidie Jaya', NULL, 1, '0000-00-00 00:00:00', '0000-00-00 00:00:00', '17'),
(18, 1, 'Kabupaten Simeulue', NULL, 1, '0000-00-00 00:00:00', '0000-00-00 00:00:00', '18'),
(19, 1, 'Kota Banda Aceh', NULL, 1, '0000-00-00 00:00:00', '0000-00-00 00:00:00', '19'),
(20, 1, 'Kota Langsa', NULL, 1, '0000-00-00 00:00:00', '0000-00-00 00:00:00', '20'),
(21, 1, 'Kota Lhokseumawe', NULL, 1, '0000-00-00 00:00:00', '0000-00-00 00:00:00', '21'),
(22, 1, 'Kota Sabang', NULL, 1, '0000-00-00 00:00:00', '0000-00-00 00:00:00', '22'),
(23, 1, 'Kota Subulussalam', NULL, 1, '0000-00-00 00:00:00', '0000-00-00 00:00:00', '23'),
(24, 2, 'Kabupaten Asahan', NULL, 1, '0000-00-00 00:00:00', '0000-00-00 00:00:00', '24'),
(25, 2, 'Kabupaten Batu Bara', NULL, 1, '0000-00-00 00:00:00', '0000-00-00 00:00:00', '25'),
(26, 2, 'Kabupaten Dairi', NULL, 1, '0000-00-00 00:00:00', '0000-00-00 00:00:00', '26'),
(27, 2, 'Kabupaten Deli Serdang', NULL, 1, '0000-00-00 00:00:00', '0000-00-00 00:00:00', '27'),
(28, 2, 'Kabupaten Humbang Hasundutan', NULL, 1, '0000-00-00 00:00:00', '0000-00-00 00:00:00', '28'),
(29, 2, 'Kabupaten Karo', NULL, 1, '0000-00-00 00:00:00', '0000-00-00 00:00:00', '29'),
(30, 2, 'Kabupaten Labuhanbatu', NULL, 1, '0000-00-00 00:00:00', '0000-00-00 00:00:00', '30'),
(31, 2, 'Kabupaten Labuhanbatu Selatan', NULL, 1, '0000-00-00 00:00:00', '0000-00-00 00:00:00', '31'),
(32, 2, 'Kabupaten Labuhanbatu Utara', NULL, 1, '0000-00-00 00:00:00', '0000-00-00 00:00:00', '32'),
(33, 2, 'Kabupaten Langkat', NULL, 1, '0000-00-00 00:00:00', '0000-00-00 00:00:00', '33'),
(34, 2, 'Kabupaten Mandailing Natal', NULL, 1, '0000-00-00 00:00:00', '0000-00-00 00:00:00', '34'),
(35, 2, 'Kabupaten Nias', NULL, 1, '0000-00-00 00:00:00', '0000-00-00 00:00:00', '35'),
(36, 2, 'Kabupaten Nias Barat', NULL, 1, '0000-00-00 00:00:00', '0000-00-00 00:00:00', '36'),
(37, 2, 'Kabupaten Nias Selatan', NULL, 1, '0000-00-00 00:00:00', '0000-00-00 00:00:00', '37'),
(38, 2, 'Kabupaten Nias Utara', NULL, 1, '0000-00-00 00:00:00', '0000-00-00 00:00:00', '38'),
(39, 2, 'Kabupaten Padang Lawas', NULL, 1, '0000-00-00 00:00:00', '0000-00-00 00:00:00', '39'),
(40, 2, 'Kabupaten Padang Lawas Utara', NULL, 1, '0000-00-00 00:00:00', '0000-00-00 00:00:00', '40'),
(41, 2, 'Kabupaten Pakpak Bharat', NULL, 1, '0000-00-00 00:00:00', '0000-00-00 00:00:00', '41'),
(42, 2, 'Kabupaten Samosir', NULL, 1, '0000-00-00 00:00:00', '0000-00-00 00:00:00', '42'),
(43, 2, 'Kabupaten Serdang Bedagai', NULL, 1, '0000-00-00 00:00:00', '0000-00-00 00:00:00', '43'),
(44, 2, 'Kabupaten Simalungun', NULL, 1, '0000-00-00 00:00:00', '0000-00-00 00:00:00', '44'),
(45, 2, 'Kabupaten Tapanuli Selatan', NULL, 1, '0000-00-00 00:00:00', '0000-00-00 00:00:00', '45'),
(46, 2, 'Kabupaten Tapanuli Tengah', NULL, 1, '0000-00-00 00:00:00', '0000-00-00 00:00:00', '46'),
(47, 2, 'Kabupaten Tapanuli Utara', NULL, 1, '0000-00-00 00:00:00', '0000-00-00 00:00:00', '47'),
(48, 2, 'Kabupaten Toba Samosir', NULL, 1, '0000-00-00 00:00:00', '0000-00-00 00:00:00', '48'),
(49, 2, 'Kota Binjai', NULL, 1, '0000-00-00 00:00:00', '0000-00-00 00:00:00', '49'),
(50, 2, 'Kota Gunung Sitoli', NULL, 1, '0000-00-00 00:00:00', '0000-00-00 00:00:00', '50'),
(51, 2, 'Kota Medan', NULL, 1, '0000-00-00 00:00:00', '0000-00-00 00:00:00', '51'),
(52, 2, 'Kota Padang Sidempuan', NULL, 1, '0000-00-00 00:00:00', '0000-00-00 00:00:00', '52'),
(53, 2, 'Kota Pematangsiantar', NULL, 1, '0000-00-00 00:00:00', '0000-00-00 00:00:00', '53'),
(54, 2, 'Kota Sibolga', NULL, 1, '0000-00-00 00:00:00', '0000-00-00 00:00:00', '54'),
(55, 2, 'Kota Tanjung Balai', NULL, 1, '0000-00-00 00:00:00', '0000-00-00 00:00:00', '55'),
(56, 2, 'Kota Tebing Tinggi', NULL, 1, '0000-00-00 00:00:00', '0000-00-00 00:00:00', '56'),
(57, 3, 'Kabupaten Bengkulu Selatan', NULL, 1, '0000-00-00 00:00:00', '0000-00-00 00:00:00', '57'),
(58, 3, 'Kabupaten Bengkulu Tengah', NULL, 1, '0000-00-00 00:00:00', '0000-00-00 00:00:00', '58'),
(59, 3, 'Kabupaten Bengkulu Utara', NULL, 1, '0000-00-00 00:00:00', '0000-00-00 00:00:00', '59'),
(60, 3, 'Kabupaten Benteng', NULL, 1, '0000-00-00 00:00:00', '0000-00-00 00:00:00', '60'),
(61, 3, 'Kabupaten Kaur', NULL, 1, '0000-00-00 00:00:00', '0000-00-00 00:00:00', '61'),
(62, 3, 'Kabupaten Kepahiang', NULL, 1, '0000-00-00 00:00:00', '0000-00-00 00:00:00', '62'),
(63, 3, 'Kabupaten Lebong', NULL, 1, '0000-00-00 00:00:00', '0000-00-00 00:00:00', '63'),
(64, 3, 'Kabupaten Mukomuko', NULL, 1, '0000-00-00 00:00:00', '0000-00-00 00:00:00', '64'),
(65, 3, 'Kabupaten Rejang Lebong', NULL, 1, '0000-00-00 00:00:00', '0000-00-00 00:00:00', '65'),
(66, 3, 'Kabupaten Seluma', NULL, 1, '0000-00-00 00:00:00', '0000-00-00 00:00:00', '66'),
(67, 3, 'Kota Bengkulu', NULL, 1, '0000-00-00 00:00:00', '0000-00-00 00:00:00', '67'),
(68, 4, 'Kabupaten Batang Hari', NULL, 1, '0000-00-00 00:00:00', '0000-00-00 00:00:00', '68'),
(69, 4, 'Kabupaten Bungo', NULL, 1, '0000-00-00 00:00:00', '0000-00-00 00:00:00', '69'),
(70, 4, 'Kabupaten Kerinci', NULL, 1, '0000-00-00 00:00:00', '0000-00-00 00:00:00', '70'),
(71, 4, 'Kabupaten Merangin', NULL, 1, '0000-00-00 00:00:00', '0000-00-00 00:00:00', '71'),
(72, 4, 'Kabupaten Muaro Jambi', NULL, 1, '0000-00-00 00:00:00', '0000-00-00 00:00:00', '72'),
(73, 4, 'Kabupaten Sarolangun', NULL, 1, '0000-00-00 00:00:00', '0000-00-00 00:00:00', '73'),
(74, 4, 'Kabupaten Tanjung Jabung Barat', NULL, 1, '0000-00-00 00:00:00', '0000-00-00 00:00:00', '74'),
(75, 4, 'Kabupaten Tanjung Jabung Timur', NULL, 1, '0000-00-00 00:00:00', '0000-00-00 00:00:00', '75'),
(76, 4, 'Kabupaten Tebo', NULL, 1, '0000-00-00 00:00:00', '0000-00-00 00:00:00', '76'),
(77, 4, 'Kota Jambi', NULL, 1, '0000-00-00 00:00:00', '0000-00-00 00:00:00', '77'),
(78, 4, 'Kota Sungai Penuh', NULL, 1, '0000-00-00 00:00:00', '0000-00-00 00:00:00', '78'),
(79, 5, 'Kabupaten Bengkalis', NULL, 1, '0000-00-00 00:00:00', '0000-00-00 00:00:00', '79'),
(80, 5, 'Kabupaten Indragiri Hilir', NULL, 1, '0000-00-00 00:00:00', '0000-00-00 00:00:00', '80'),
(81, 5, 'Kabupaten Indragiri Hulu', NULL, 1, '0000-00-00 00:00:00', '0000-00-00 00:00:00', '81'),
(82, 5, 'Kabupaten Kampar', NULL, 1, '0000-00-00 00:00:00', '0000-00-00 00:00:00', '82'),
(83, 5, 'Kabupaten Kuantan Singingi', NULL, 1, '0000-00-00 00:00:00', '0000-00-00 00:00:00', '83'),
(84, 5, 'Kabupaten Pelalawan', NULL, 1, '0000-00-00 00:00:00', '0000-00-00 00:00:00', '84'),
(85, 5, 'Kabupaten Rokan Hilir', NULL, 1, '0000-00-00 00:00:00', '0000-00-00 00:00:00', '85'),
(86, 5, 'Kabupaten Rokan Hulu', NULL, 1, '0000-00-00 00:00:00', '0000-00-00 00:00:00', '86'),
(87, 5, 'Kabupaten Siak', NULL, 1, '0000-00-00 00:00:00', '0000-00-00 00:00:00', '87'),
(88, 5, 'Kota Pekanbaru', NULL, 1, '0000-00-00 00:00:00', '0000-00-00 00:00:00', '88'),
(89, 5, 'Kota Dumai', NULL, 1, '0000-00-00 00:00:00', '0000-00-00 00:00:00', '89'),
(90, 5, 'Kabupaten Kepulauan Meranti', NULL, 1, '0000-00-00 00:00:00', '0000-00-00 00:00:00', '90'),
(91, 6, 'Kabupaten Agam', NULL, 1, '0000-00-00 00:00:00', '0000-00-00 00:00:00', '91'),
(92, 6, 'Kabupaten Dharmasraya', NULL, 1, '0000-00-00 00:00:00', '0000-00-00 00:00:00', '92'),
(93, 6, 'Kabupaten Kepulauan Mentawai', NULL, 1, '0000-00-00 00:00:00', '0000-00-00 00:00:00', '93'),
(94, 6, 'Kabupaten Lima Puluh Kota', NULL, 1, '0000-00-00 00:00:00', '0000-00-00 00:00:00', '94'),
(95, 6, 'Kabupaten Padang Pariaman', NULL, 1, '0000-00-00 00:00:00', '0000-00-00 00:00:00', '95'),
(96, 6, 'Kabupaten Pasaman', NULL, 1, '0000-00-00 00:00:00', '0000-00-00 00:00:00', '96'),
(97, 6, 'Kabupaten Pasaman Barat', NULL, 1, '0000-00-00 00:00:00', '0000-00-00 00:00:00', '97'),
(98, 6, 'Kabupaten Pesisir Selatan', NULL, 1, '0000-00-00 00:00:00', '0000-00-00 00:00:00', '98'),
(99, 6, 'Kabupaten Sijunjung', NULL, 1, '0000-00-00 00:00:00', '0000-00-00 00:00:00', '99'),
(100, 6, 'Kabupaten Solok', NULL, 1, '0000-00-00 00:00:00', '0000-00-00 00:00:00', '100'),
(101, 6, 'Kabupaten Solok Selatan', NULL, 1, '0000-00-00 00:00:00', '0000-00-00 00:00:00', '101'),
(102, 6, 'Kabupaten Tanah Datar', NULL, 1, '0000-00-00 00:00:00', '0000-00-00 00:00:00', '102'),
(103, 6, 'Kota Bukittinggi', NULL, 1, '0000-00-00 00:00:00', '0000-00-00 00:00:00', '103'),
(104, 6, 'Kota Padang', NULL, 1, '0000-00-00 00:00:00', '0000-00-00 00:00:00', '104'),
(105, 6, 'Kota Padangpanjang', NULL, 1, '0000-00-00 00:00:00', '0000-00-00 00:00:00', '105'),
(106, 6, 'Kota Pariaman', NULL, 1, '0000-00-00 00:00:00', '0000-00-00 00:00:00', '106'),
(107, 6, 'Kota Payakumbuh', NULL, 1, '0000-00-00 00:00:00', '0000-00-00 00:00:00', '107'),
(108, 6, 'Kota Sawahlunto', NULL, 1, '0000-00-00 00:00:00', '0000-00-00 00:00:00', '108'),
(109, 6, 'Kota Solok', NULL, 1, '0000-00-00 00:00:00', '0000-00-00 00:00:00', '109'),
(110, 7, 'Kabupaten Banyuasin', NULL, 1, '0000-00-00 00:00:00', '0000-00-00 00:00:00', '110'),
(111, 7, 'Kabupaten Empat Lawang', NULL, 1, '0000-00-00 00:00:00', '0000-00-00 00:00:00', '111'),
(112, 7, 'Kabupaten Lahat', NULL, 1, '0000-00-00 00:00:00', '0000-00-00 00:00:00', '112'),
(113, 7, 'Kabupaten Muara Enim', NULL, 1, '0000-00-00 00:00:00', '0000-00-00 00:00:00', '113'),
(114, 7, 'Kabupaten Musi Banyuasin', NULL, 1, '0000-00-00 00:00:00', '0000-00-00 00:00:00', '114'),
(115, 7, 'Kabupaten Musi Rawas', NULL, 1, '0000-00-00 00:00:00', '0000-00-00 00:00:00', '115'),
(116, 7, 'Kabupaten Ogan Ilir', NULL, 1, '0000-00-00 00:00:00', '0000-00-00 00:00:00', '116'),
(117, 7, 'Kabupaten Ogan Komering Ilir', NULL, 1, '0000-00-00 00:00:00', '0000-00-00 00:00:00', '117'),
(118, 7, 'Kabupaten Ogan Komering Ulu', NULL, 1, '0000-00-00 00:00:00', '0000-00-00 00:00:00', '118'),
(119, 7, 'Kabupaten Ogan Komering Ulu Selatan', NULL, 1, '0000-00-00 00:00:00', '0000-00-00 00:00:00', '119'),
(120, 7, 'Kabupaten Ogan Komering Ulu Timur', NULL, 1, '0000-00-00 00:00:00', '0000-00-00 00:00:00', '120'),
(121, 7, 'Kota Lubuklinggau', NULL, 1, '0000-00-00 00:00:00', '0000-00-00 00:00:00', '121'),
(122, 7, 'Kota Pagar Alam', NULL, 1, '0000-00-00 00:00:00', '0000-00-00 00:00:00', '122'),
(123, 7, 'Kota Palembang', NULL, 1, '0000-00-00 00:00:00', '0000-00-00 00:00:00', '123'),
(124, 7, 'Kota Prabumulih', NULL, 1, '0000-00-00 00:00:00', '0000-00-00 00:00:00', '124'),
(125, 8, 'Kabupaten Lampung Barat', NULL, 1, '0000-00-00 00:00:00', '0000-00-00 00:00:00', '125'),
(126, 8, 'Kabupaten Lampung Selatan', NULL, 1, '0000-00-00 00:00:00', '0000-00-00 00:00:00', '126'),
(127, 8, 'Kabupaten Lampung Tengah', NULL, 1, '0000-00-00 00:00:00', '0000-00-00 00:00:00', '127'),
(128, 8, 'Kabupaten Lampung Timur', NULL, 1, '0000-00-00 00:00:00', '0000-00-00 00:00:00', '128'),
(129, 8, 'Kabupaten Lampung Utara', NULL, 1, '0000-00-00 00:00:00', '0000-00-00 00:00:00', '129'),
(130, 8, 'Kabupaten Mesuji', NULL, 1, '0000-00-00 00:00:00', '0000-00-00 00:00:00', '130'),
(131, 8, 'Kabupaten Pesawaran', NULL, 1, '0000-00-00 00:00:00', '0000-00-00 00:00:00', '131'),
(132, 8, 'Kabupaten Pringsewu', NULL, 1, '0000-00-00 00:00:00', '0000-00-00 00:00:00', '132'),
(133, 8, 'Kabupaten Tanggamus', NULL, 1, '0000-00-00 00:00:00', '0000-00-00 00:00:00', '133'),
(134, 8, 'Kabupaten Tulang Bawang', NULL, 1, '0000-00-00 00:00:00', '0000-00-00 00:00:00', '134'),
(135, 8, 'Kabupaten Tulang Bawang Barat', NULL, 1, '0000-00-00 00:00:00', '0000-00-00 00:00:00', '135'),
(136, 8, 'Kabupaten Way Kanan', NULL, 1, '0000-00-00 00:00:00', '0000-00-00 00:00:00', '136'),
(137, 8, 'Kota Bandar Lampung', NULL, 1, '0000-00-00 00:00:00', '0000-00-00 00:00:00', '137'),
(138, 8, 'Kota Metro', NULL, 1, '0000-00-00 00:00:00', '0000-00-00 00:00:00', '138'),
(139, 9, 'Kabupaten Bangka', NULL, 1, '0000-00-00 00:00:00', '0000-00-00 00:00:00', '139'),
(140, 9, 'Kabupaten Bangka Barat', NULL, 1, '0000-00-00 00:00:00', '0000-00-00 00:00:00', '140'),
(141, 9, 'Kabupaten Bangka Selatan', NULL, 1, '0000-00-00 00:00:00', '0000-00-00 00:00:00', '141'),
(142, 9, 'Kabupaten Bangka Tengah', NULL, 1, '0000-00-00 00:00:00', '0000-00-00 00:00:00', '142'),
(143, 9, 'Kabupaten Belitung', NULL, 1, '0000-00-00 00:00:00', '0000-00-00 00:00:00', '143'),
(144, 9, 'Kabupaten Belitung Timur', NULL, 1, '0000-00-00 00:00:00', '0000-00-00 00:00:00', '144'),
(145, 9, 'Kota Pangkal Pinang', NULL, 1, '0000-00-00 00:00:00', '0000-00-00 00:00:00', '145'),
(146, 10, 'Kabupaten Bintan', NULL, 1, '0000-00-00 00:00:00', '0000-00-00 00:00:00', '146'),
(147, 10, 'Kabupaten Karimun', NULL, 1, '0000-00-00 00:00:00', '0000-00-00 00:00:00', '147'),
(148, 10, 'Kabupaten Kepulauan Anambas', NULL, 1, '0000-00-00 00:00:00', '0000-00-00 00:00:00', '148'),
(149, 10, 'Kabupaten Lingga', NULL, 1, '0000-00-00 00:00:00', '0000-00-00 00:00:00', '149'),
(150, 10, 'Kabupaten Natuna', NULL, 1, '0000-00-00 00:00:00', '0000-00-00 00:00:00', '150'),
(151, 10, 'Kota Batam', NULL, 1, '0000-00-00 00:00:00', '0000-00-00 00:00:00', '151'),
(152, 10, 'Kota Tanjung Pinang', NULL, 1, '0000-00-00 00:00:00', '0000-00-00 00:00:00', '152'),
(153, 11, 'Kabupaten Lebak', NULL, 1, '0000-00-00 00:00:00', '0000-00-00 00:00:00', '153'),
(154, 11, 'Kabupaten Pandeglang', NULL, 1, '0000-00-00 00:00:00', '0000-00-00 00:00:00', '154'),
(155, 11, 'Kabupaten Serang', NULL, 1, '0000-00-00 00:00:00', '0000-00-00 00:00:00', '155'),
(156, 11, 'Kabupaten Tangerang', NULL, 1, '0000-00-00 00:00:00', '0000-00-00 00:00:00', '156'),
(157, 11, 'Kota Cilegon', NULL, 1, '0000-00-00 00:00:00', '0000-00-00 00:00:00', '157'),
(158, 11, 'Kota Serang', NULL, 1, '0000-00-00 00:00:00', '0000-00-00 00:00:00', '158'),
(159, 11, 'Kota Tangerang', NULL, 1, '0000-00-00 00:00:00', '0000-00-00 00:00:00', '159'),
(160, 11, 'Kota Tangerang Selatan', NULL, 1, '0000-00-00 00:00:00', '0000-00-00 00:00:00', '160'),
(161, 12, 'Kabupaten Bandung', NULL, 1, '0000-00-00 00:00:00', '0000-00-00 00:00:00', '161'),
(162, 12, 'Kabupaten Bandung Barat', NULL, 1, '0000-00-00 00:00:00', '0000-00-00 00:00:00', '162'),
(163, 12, 'Kabupaten Bekasi', NULL, 1, '0000-00-00 00:00:00', '0000-00-00 00:00:00', '163'),
(164, 12, 'Kabupaten Bogor', NULL, 1, '0000-00-00 00:00:00', '0000-00-00 00:00:00', '164'),
(165, 12, 'Kabupaten Ciamis', NULL, 1, '0000-00-00 00:00:00', '0000-00-00 00:00:00', '165'),
(166, 12, 'Kabupaten Cianjur', NULL, 1, '0000-00-00 00:00:00', '0000-00-00 00:00:00', '166'),
(167, 12, 'Kabupaten Cirebon', NULL, 1, '0000-00-00 00:00:00', '0000-00-00 00:00:00', '167'),
(168, 12, 'Kabupaten Garut', NULL, 1, '0000-00-00 00:00:00', '0000-00-00 00:00:00', '168'),
(169, 12, 'Kabupaten Indramayu', NULL, 1, '0000-00-00 00:00:00', '0000-00-00 00:00:00', '169'),
(170, 12, 'Kabupaten Karawang', NULL, 1, '0000-00-00 00:00:00', '0000-00-00 00:00:00', '170'),
(171, 12, 'Kabupaten Kuningan', NULL, 1, '0000-00-00 00:00:00', '0000-00-00 00:00:00', '171'),
(172, 12, 'Kabupaten Majalengka', NULL, 1, '0000-00-00 00:00:00', '0000-00-00 00:00:00', '172'),
(173, 12, 'Kabupaten Purwakarta', NULL, 1, '0000-00-00 00:00:00', '0000-00-00 00:00:00', '173'),
(174, 12, 'Kabupaten Subang', NULL, 1, '0000-00-00 00:00:00', '0000-00-00 00:00:00', '174'),
(175, 12, 'Kabupaten Sukabumi', NULL, 1, '0000-00-00 00:00:00', '0000-00-00 00:00:00', '175'),
(176, 12, 'Kabupaten Sumedang', NULL, 1, '0000-00-00 00:00:00', '0000-00-00 00:00:00', '176'),
(177, 12, 'Kabupaten Tasikmalaya', NULL, 1, '0000-00-00 00:00:00', '0000-00-00 00:00:00', '177'),
(178, 12, 'Kota Bandung', NULL, 1, '0000-00-00 00:00:00', '0000-00-00 00:00:00', '178'),
(179, 12, 'Kota Banjar', NULL, 1, '0000-00-00 00:00:00', '0000-00-00 00:00:00', '179'),
(180, 12, 'Kota Bekasi', NULL, 1, '0000-00-00 00:00:00', '0000-00-00 00:00:00', '180'),
(181, 12, 'Kota Bogor', NULL, 1, '0000-00-00 00:00:00', '0000-00-00 00:00:00', '181'),
(182, 12, 'Kota Cimahi', NULL, 1, '0000-00-00 00:00:00', '0000-00-00 00:00:00', '182'),
(183, 12, 'Kota Cirebon', NULL, 1, '0000-00-00 00:00:00', '0000-00-00 00:00:00', '183'),
(184, 12, 'Kota Depok', NULL, 1, '0000-00-00 00:00:00', '0000-00-00 00:00:00', '184'),
(185, 12, 'Kota Sukabumi', NULL, 1, '0000-00-00 00:00:00', '0000-00-00 00:00:00', '185'),
(186, 12, 'Kota Tasikmalaya', NULL, 1, '0000-00-00 00:00:00', '0000-00-00 00:00:00', '186'),
(187, 13, 'Kabupaten Administrasi Kepulauan Seribu', NULL, 1, '0000-00-00 00:00:00', '0000-00-00 00:00:00', '187'),
(188, 13, 'Kota Administrasi Jakarta Barat', NULL, 1, '0000-00-00 00:00:00', '0000-00-00 00:00:00', '188'),
(189, 13, 'Kota Administrasi Jakarta Pusat', NULL, 1, '0000-00-00 00:00:00', '0000-00-00 00:00:00', '189'),
(190, 13, 'Kota Administrasi Jakarta Selatan', NULL, 1, '0000-00-00 00:00:00', '0000-00-00 00:00:00', '190'),
(191, 13, 'Kota Administrasi Jakarta Timur', NULL, 1, '0000-00-00 00:00:00', '0000-00-00 00:00:00', '191'),
(192, 13, 'Kota Administrasi Jakarta Utara', NULL, 1, '0000-00-00 00:00:00', '0000-00-00 00:00:00', '192'),
(193, 14, 'Kabupaten Banjarnegara', NULL, 1, '0000-00-00 00:00:00', '0000-00-00 00:00:00', '193'),
(194, 14, 'Kabupaten Banyumas', NULL, 1, '0000-00-00 00:00:00', '0000-00-00 00:00:00', '194'),
(195, 14, 'Kabupaten Batang', NULL, 1, '0000-00-00 00:00:00', '0000-00-00 00:00:00', '195'),
(196, 14, 'Kabupaten Blora', NULL, 1, '0000-00-00 00:00:00', '0000-00-00 00:00:00', '196'),
(197, 14, 'Kabupaten Boyolali', NULL, 1, '0000-00-00 00:00:00', '0000-00-00 00:00:00', '197'),
(198, 14, 'Kabupaten Brebes', NULL, 1, '0000-00-00 00:00:00', '0000-00-00 00:00:00', '198'),
(199, 14, 'Kabupaten Cilacap', NULL, 1, '0000-00-00 00:00:00', '0000-00-00 00:00:00', '199'),
(200, 14, 'Kabupaten Demak', NULL, 1, '0000-00-00 00:00:00', '0000-00-00 00:00:00', '200'),
(201, 14, 'Kabupaten Grobogan', NULL, 1, '0000-00-00 00:00:00', '0000-00-00 00:00:00', '201'),
(202, 14, 'Kabupaten Jepara', NULL, 1, '0000-00-00 00:00:00', '0000-00-00 00:00:00', '202'),
(203, 14, 'Kabupaten Karanganyar', NULL, 1, '0000-00-00 00:00:00', '0000-00-00 00:00:00', '203'),
(204, 14, 'Kabupaten Kebumen', NULL, 1, '0000-00-00 00:00:00', '0000-00-00 00:00:00', '204'),
(205, 14, 'Kabupaten Kendal', NULL, 1, '0000-00-00 00:00:00', '0000-00-00 00:00:00', '205'),
(206, 14, 'Kabupaten Klaten', NULL, 1, '0000-00-00 00:00:00', '0000-00-00 00:00:00', '206'),
(207, 14, 'Kabupaten Kudus', NULL, 1, '0000-00-00 00:00:00', '0000-00-00 00:00:00', '207'),
(208, 14, 'Kabupaten Magelang', NULL, 1, '0000-00-00 00:00:00', '0000-00-00 00:00:00', '208'),
(209, 14, 'Kabupaten Pati', NULL, 1, '0000-00-00 00:00:00', '0000-00-00 00:00:00', '209'),
(210, 14, 'Kabupaten Pekalongan', NULL, 1, '0000-00-00 00:00:00', '0000-00-00 00:00:00', '210'),
(211, 14, 'Kabupaten Pemalang', NULL, 1, '0000-00-00 00:00:00', '0000-00-00 00:00:00', '211'),
(212, 14, 'Kabupaten Purbalingga', NULL, 1, '0000-00-00 00:00:00', '0000-00-00 00:00:00', '212'),
(213, 14, 'Kabupaten Purworejo', NULL, 1, '0000-00-00 00:00:00', '0000-00-00 00:00:00', '213'),
(214, 14, 'Kabupaten Rembang', NULL, 1, '0000-00-00 00:00:00', '0000-00-00 00:00:00', '214'),
(215, 14, 'Kabupaten Semarang', NULL, 1, '0000-00-00 00:00:00', '0000-00-00 00:00:00', '215'),
(216, 14, 'Kabupaten Sragen', NULL, 1, '0000-00-00 00:00:00', '0000-00-00 00:00:00', '216'),
(217, 14, 'Kabupaten Sukoharjo', NULL, 1, '0000-00-00 00:00:00', '0000-00-00 00:00:00', '217'),
(218, 14, 'Kabupaten Tegal', NULL, 1, '0000-00-00 00:00:00', '0000-00-00 00:00:00', '218'),
(219, 14, 'Kabupaten Temanggung', NULL, 1, '0000-00-00 00:00:00', '0000-00-00 00:00:00', '219'),
(220, 14, 'Kabupaten Wonogiri', NULL, 1, '0000-00-00 00:00:00', '0000-00-00 00:00:00', '220'),
(221, 14, 'Kabupaten Wonosobo', NULL, 1, '0000-00-00 00:00:00', '0000-00-00 00:00:00', '221'),
(222, 14, 'Kota Magelang', NULL, 1, '0000-00-00 00:00:00', '0000-00-00 00:00:00', '222'),
(223, 14, 'Kota Pekalongan', NULL, 1, '0000-00-00 00:00:00', '0000-00-00 00:00:00', '223'),
(224, 14, 'Kota Salatiga', NULL, 1, '0000-00-00 00:00:00', '0000-00-00 00:00:00', '224'),
(225, 14, 'Kota Semarang', NULL, 1, '0000-00-00 00:00:00', '0000-00-00 00:00:00', '225'),
(226, 14, 'Kota Surakarta', NULL, 1, '0000-00-00 00:00:00', '0000-00-00 00:00:00', '226'),
(227, 14, 'Kota Tegal', NULL, 1, '0000-00-00 00:00:00', '0000-00-00 00:00:00', '227'),
(228, 15, 'Kabupaten Bangkalan', NULL, 1, '0000-00-00 00:00:00', '0000-00-00 00:00:00', '228'),
(229, 15, 'Kabupaten Banyuwangi', NULL, 1, '0000-00-00 00:00:00', '0000-00-00 00:00:00', '229'),
(230, 15, 'Kabupaten Blitar', NULL, 1, '0000-00-00 00:00:00', '0000-00-00 00:00:00', '230'),
(231, 15, 'Kabupaten Bojonegoro', NULL, 1, '0000-00-00 00:00:00', '0000-00-00 00:00:00', '231'),
(232, 15, 'Kabupaten Bondowoso', NULL, 1, '0000-00-00 00:00:00', '0000-00-00 00:00:00', '232'),
(233, 15, 'Kabupaten Gresik', NULL, 1, '0000-00-00 00:00:00', '0000-00-00 00:00:00', '233'),
(234, 15, 'Kabupaten Jember', NULL, 1, '0000-00-00 00:00:00', '0000-00-00 00:00:00', '234'),
(235, 15, 'Kabupaten Jombang', NULL, 1, '0000-00-00 00:00:00', '0000-00-00 00:00:00', '235'),
(236, 15, 'Kabupaten Kediri', NULL, 1, '0000-00-00 00:00:00', '0000-00-00 00:00:00', '236'),
(237, 15, 'Kabupaten Lamongan', NULL, 1, '0000-00-00 00:00:00', '0000-00-00 00:00:00', '237'),
(238, 15, 'Kabupaten Lumajang', NULL, 1, '0000-00-00 00:00:00', '0000-00-00 00:00:00', '238'),
(239, 15, 'Kabupaten Madiun', NULL, 1, '0000-00-00 00:00:00', '0000-00-00 00:00:00', '239'),
(240, 15, 'Kabupaten Magetan', NULL, 1, '0000-00-00 00:00:00', '0000-00-00 00:00:00', '240'),
(241, 15, 'Kabupaten Malang', NULL, 1, '0000-00-00 00:00:00', '0000-00-00 00:00:00', '241'),
(242, 15, 'Kabupaten Mojokerto', NULL, 1, '0000-00-00 00:00:00', '0000-00-00 00:00:00', '242'),
(243, 15, 'Kabupaten Nganjuk', NULL, 1, '0000-00-00 00:00:00', '0000-00-00 00:00:00', '243'),
(244, 15, 'Kabupaten Ngawi', NULL, 1, '0000-00-00 00:00:00', '0000-00-00 00:00:00', '244'),
(245, 15, 'Kabupaten Pacitan', NULL, 1, '0000-00-00 00:00:00', '0000-00-00 00:00:00', '245'),
(246, 15, 'Kabupaten Pamekasan', NULL, 1, '0000-00-00 00:00:00', '0000-00-00 00:00:00', '246'),
(247, 15, 'Kabupaten Pasuruan', NULL, 1, '0000-00-00 00:00:00', '0000-00-00 00:00:00', '247'),
(248, 15, 'Kabupaten Ponorogo', NULL, 1, '0000-00-00 00:00:00', '0000-00-00 00:00:00', '248'),
(249, 15, 'Kabupaten Probolinggo', NULL, 1, '0000-00-00 00:00:00', '0000-00-00 00:00:00', '249'),
(250, 15, 'Kabupaten Sampang', NULL, 1, '0000-00-00 00:00:00', '0000-00-00 00:00:00', '250'),
(251, 15, 'Kabupaten Sidoarjo', NULL, 1, '0000-00-00 00:00:00', '0000-00-00 00:00:00', '251'),
(252, 15, 'Kabupaten Situbondo', NULL, 1, '0000-00-00 00:00:00', '0000-00-00 00:00:00', '252'),
(253, 15, 'Kabupaten Sumenep', NULL, 1, '0000-00-00 00:00:00', '0000-00-00 00:00:00', '253'),
(254, 15, 'Kabupaten Trenggalek', NULL, 1, '0000-00-00 00:00:00', '0000-00-00 00:00:00', '254'),
(255, 15, 'Kabupaten Tuban', NULL, 1, '0000-00-00 00:00:00', '0000-00-00 00:00:00', '255'),
(256, 15, 'Kabupaten Tulungagung', NULL, 1, '0000-00-00 00:00:00', '0000-00-00 00:00:00', '256'),
(257, 15, 'Kota Batu', NULL, 1, '0000-00-00 00:00:00', '0000-00-00 00:00:00', '257'),
(258, 15, 'Kota Blitar', NULL, 1, '0000-00-00 00:00:00', '0000-00-00 00:00:00', '258'),
(259, 15, 'Kota Kediri', NULL, 1, '0000-00-00 00:00:00', '0000-00-00 00:00:00', '259'),
(260, 15, 'Kota Madiun', NULL, 1, '0000-00-00 00:00:00', '0000-00-00 00:00:00', '260'),
(261, 15, 'Kota Malang', NULL, 1, '0000-00-00 00:00:00', '0000-00-00 00:00:00', '261'),
(262, 15, 'Kota Mojokerto', NULL, 1, '0000-00-00 00:00:00', '0000-00-00 00:00:00', '262'),
(263, 15, 'Kota Pasuruan', NULL, 1, '0000-00-00 00:00:00', '0000-00-00 00:00:00', '263'),
(264, 15, 'Kota Probolinggo', NULL, 1, '0000-00-00 00:00:00', '0000-00-00 00:00:00', '264'),
(265, 15, 'Kota Surabaya', NULL, 1, '0000-00-00 00:00:00', '0000-00-00 00:00:00', '265'),
(266, 16, 'Kabupaten Bantul', NULL, 1, '0000-00-00 00:00:00', '0000-00-00 00:00:00', '266'),
(267, 16, 'Kabupaten Gunung Kidul', NULL, 1, '0000-00-00 00:00:00', '0000-00-00 00:00:00', '267'),
(268, 16, 'Kabupaten Kulon Progo', NULL, 1, '0000-00-00 00:00:00', '0000-00-00 00:00:00', '268'),
(269, 16, 'Kabupaten Sleman', NULL, 1, '0000-00-00 00:00:00', '0000-00-00 00:00:00', '269'),
(270, 16, 'Kota Yogyakarta', NULL, 1, '0000-00-00 00:00:00', '0000-00-00 00:00:00', '270'),
(271, 17, 'Kabupaten Badung', NULL, 1, '0000-00-00 00:00:00', '0000-00-00 00:00:00', '271'),
(272, 17, 'Kabupaten Bangli', NULL, 1, '0000-00-00 00:00:00', '0000-00-00 00:00:00', '272'),
(273, 17, 'Kabupaten Buleleng', NULL, 1, '0000-00-00 00:00:00', '0000-00-00 00:00:00', '273'),
(274, 17, 'Kabupaten Gianyar', NULL, 1, '0000-00-00 00:00:00', '0000-00-00 00:00:00', '274'),
(275, 17, 'Kabupaten Jembrana', NULL, 1, '0000-00-00 00:00:00', '0000-00-00 00:00:00', '275'),
(276, 17, 'Kabupaten Karangasem', NULL, 1, '0000-00-00 00:00:00', '0000-00-00 00:00:00', '276'),
(277, 17, 'Kabupaten Klungkung', NULL, 1, '0000-00-00 00:00:00', '0000-00-00 00:00:00', '277'),
(278, 17, 'Kabupaten Tabanan', NULL, 1, '0000-00-00 00:00:00', '0000-00-00 00:00:00', '278'),
(279, 17, 'Kota Denpasar', NULL, 1, '0000-00-00 00:00:00', '0000-00-00 00:00:00', '279'),
(280, 18, 'Kabupaten Bima', NULL, 1, '0000-00-00 00:00:00', '0000-00-00 00:00:00', '280'),
(281, 18, 'Kabupaten Dompu', NULL, 1, '0000-00-00 00:00:00', '0000-00-00 00:00:00', '281'),
(282, 18, 'Kabupaten Lombok Barat', NULL, 1, '0000-00-00 00:00:00', '0000-00-00 00:00:00', '282'),
(283, 18, 'Kabupaten Lombok Tengah', NULL, 1, '0000-00-00 00:00:00', '0000-00-00 00:00:00', '283'),
(284, 18, 'Kabupaten Lombok Timur', NULL, 1, '0000-00-00 00:00:00', '0000-00-00 00:00:00', '284'),
(285, 18, 'Kabupaten Lombok Utara', NULL, 1, '0000-00-00 00:00:00', '0000-00-00 00:00:00', '285'),
(286, 18, 'Kabupaten Sumbawa', NULL, 1, '0000-00-00 00:00:00', '0000-00-00 00:00:00', '286'),
(287, 18, 'Kabupaten Sumbawa Barat', NULL, 1, '0000-00-00 00:00:00', '0000-00-00 00:00:00', '287'),
(288, 18, 'Kota Bima', NULL, 1, '0000-00-00 00:00:00', '0000-00-00 00:00:00', '288'),
(289, 18, 'Kota Mataram', NULL, 1, '0000-00-00 00:00:00', '0000-00-00 00:00:00', '289'),
(290, 19, 'Kabupaten Kupang', NULL, 1, '0000-00-00 00:00:00', '0000-00-00 00:00:00', '290'),
(291, 19, 'Kabupaten Timor Tengah Selatan', NULL, 1, '0000-00-00 00:00:00', '0000-00-00 00:00:00', '291'),
(292, 19, 'Kabupaten Timor Tengah Utara', NULL, 1, '0000-00-00 00:00:00', '0000-00-00 00:00:00', '292'),
(293, 19, 'Kabupaten Belu', NULL, 1, '0000-00-00 00:00:00', '0000-00-00 00:00:00', '293'),
(294, 19, 'Kabupaten Alor', NULL, 1, '0000-00-00 00:00:00', '0000-00-00 00:00:00', '294'),
(295, 19, 'Kabupaten Flores Timur', NULL, 1, '0000-00-00 00:00:00', '0000-00-00 00:00:00', '295'),
(296, 19, 'Kabupaten Sikka', NULL, 1, '0000-00-00 00:00:00', '0000-00-00 00:00:00', '296'),
(297, 19, 'Kabupaten Ende', NULL, 1, '0000-00-00 00:00:00', '0000-00-00 00:00:00', '297'),
(298, 19, 'Kabupaten Ngada', NULL, 1, '0000-00-00 00:00:00', '0000-00-00 00:00:00', '298'),
(299, 19, 'Kabupaten Manggarai', NULL, 1, '0000-00-00 00:00:00', '0000-00-00 00:00:00', '299'),
(300, 19, 'Kabupaten Sumba Timur', NULL, 1, '0000-00-00 00:00:00', '0000-00-00 00:00:00', '300'),
(301, 19, 'Kabupaten Sumba Barat', NULL, 1, '0000-00-00 00:00:00', '0000-00-00 00:00:00', '301'),
(302, 19, 'Kabupaten Lembata', NULL, 1, '0000-00-00 00:00:00', '0000-00-00 00:00:00', '302'),
(303, 19, 'Kabupaten Rote Ndao', NULL, 1, '0000-00-00 00:00:00', '0000-00-00 00:00:00', '303'),
(304, 19, 'Kabupaten Manggarai Barat', NULL, 1, '0000-00-00 00:00:00', '0000-00-00 00:00:00', '304'),
(305, 19, 'Kabupaten Nagekeo', NULL, 1, '0000-00-00 00:00:00', '0000-00-00 00:00:00', '305'),
(306, 19, 'Kabupaten Sumba Tengah', NULL, 1, '0000-00-00 00:00:00', '0000-00-00 00:00:00', '306'),
(307, 19, 'Kabupaten Sumba Barat Daya', NULL, 1, '0000-00-00 00:00:00', '0000-00-00 00:00:00', '307'),
(308, 19, 'Kabupaten Manggarai Timur', NULL, 1, '0000-00-00 00:00:00', '0000-00-00 00:00:00', '308'),
(309, 19, 'Kabupaten Sabu Raijua', NULL, 1, '0000-00-00 00:00:00', '0000-00-00 00:00:00', '309'),
(310, 19, 'Kota Kupang', NULL, 1, '0000-00-00 00:00:00', '0000-00-00 00:00:00', '310'),
(311, 20, 'Kabupaten Bengkayang', NULL, 1, '0000-00-00 00:00:00', '0000-00-00 00:00:00', '311'),
(312, 20, 'Kabupaten Kapuas Hulu', NULL, 1, '0000-00-00 00:00:00', '0000-00-00 00:00:00', '312'),
(313, 20, 'Kabupaten Kayong Utara', NULL, 1, '0000-00-00 00:00:00', '0000-00-00 00:00:00', '313'),
(314, 20, 'Kabupaten Ketapang', NULL, 1, '0000-00-00 00:00:00', '0000-00-00 00:00:00', '314'),
(315, 20, 'Kabupaten Kubu Raya', NULL, 1, '0000-00-00 00:00:00', '0000-00-00 00:00:00', '315'),
(316, 20, 'Kabupaten Landak', NULL, 1, '0000-00-00 00:00:00', '0000-00-00 00:00:00', '316'),
(317, 20, 'Kabupaten Melawi', NULL, 1, '0000-00-00 00:00:00', '0000-00-00 00:00:00', '317'),
(318, 20, 'Kabupaten Pontianak', NULL, 1, '0000-00-00 00:00:00', '0000-00-00 00:00:00', '318'),
(319, 20, 'Kabupaten Sambas', NULL, 1, '0000-00-00 00:00:00', '0000-00-00 00:00:00', '319'),
(320, 20, 'Kabupaten Sanggau', NULL, 1, '0000-00-00 00:00:00', '0000-00-00 00:00:00', '320'),
(321, 20, 'Kabupaten Sekadau', NULL, 1, '0000-00-00 00:00:00', '0000-00-00 00:00:00', '321'),
(322, 20, 'Kabupaten Sintang', NULL, 1, '0000-00-00 00:00:00', '0000-00-00 00:00:00', '322'),
(323, 20, 'Kota Pontianak', NULL, 1, '0000-00-00 00:00:00', '0000-00-00 00:00:00', '323'),
(324, 20, 'Kota Singkawang', NULL, 1, '0000-00-00 00:00:00', '0000-00-00 00:00:00', '324'),
(325, 21, 'Kabupaten Balangan', NULL, 1, '0000-00-00 00:00:00', '0000-00-00 00:00:00', '325'),
(326, 21, 'Kabupaten Banjar', NULL, 1, '0000-00-00 00:00:00', '0000-00-00 00:00:00', '326'),
(327, 21, 'Kabupaten Barito Kuala', NULL, 1, '0000-00-00 00:00:00', '0000-00-00 00:00:00', '327'),
(328, 21, 'Kabupaten Hulu Sungai Selatan', NULL, 1, '0000-00-00 00:00:00', '0000-00-00 00:00:00', '328'),
(329, 21, 'Kabupaten Hulu Sungai Tengah', NULL, 1, '0000-00-00 00:00:00', '0000-00-00 00:00:00', '329'),
(330, 21, 'Kabupaten Hulu Sungai Utara', NULL, 1, '0000-00-00 00:00:00', '0000-00-00 00:00:00', '330'),
(331, 21, 'Kabupaten Kotabaru', NULL, 1, '0000-00-00 00:00:00', '0000-00-00 00:00:00', '331'),
(332, 21, 'Kabupaten Tabalong', NULL, 1, '0000-00-00 00:00:00', '0000-00-00 00:00:00', '332'),
(333, 21, 'Kabupaten Tanah Bumbu', NULL, 1, '0000-00-00 00:00:00', '0000-00-00 00:00:00', '333'),
(334, 21, 'Kabupaten Tanah Laut', NULL, 1, '0000-00-00 00:00:00', '0000-00-00 00:00:00', '334'),
(335, 21, 'Kabupaten Tapin', NULL, 1, '0000-00-00 00:00:00', '0000-00-00 00:00:00', '335'),
(336, 21, 'Kota Banjarbaru', NULL, 1, '0000-00-00 00:00:00', '0000-00-00 00:00:00', '336'),
(337, 21, 'Kota Banjarmasin', NULL, 1, '0000-00-00 00:00:00', '0000-00-00 00:00:00', '337'),
(338, 22, 'Kabupaten Barito Selatan', NULL, 1, '0000-00-00 00:00:00', '0000-00-00 00:00:00', '338'),
(339, 22, 'Kabupaten Barito Timur', NULL, 1, '0000-00-00 00:00:00', '0000-00-00 00:00:00', '339'),
(340, 22, 'Kabupaten Barito Utara', NULL, 1, '0000-00-00 00:00:00', '0000-00-00 00:00:00', '340'),
(341, 22, 'Kabupaten Gunung Mas', NULL, 1, '0000-00-00 00:00:00', '0000-00-00 00:00:00', '341'),
(342, 22, 'Kabupaten Kapuas', NULL, 1, '0000-00-00 00:00:00', '0000-00-00 00:00:00', '342'),
(343, 22, 'Kabupaten Katingan', NULL, 1, '0000-00-00 00:00:00', '0000-00-00 00:00:00', '343'),
(344, 22, 'Kabupaten Kotawaringin Barat', NULL, 1, '0000-00-00 00:00:00', '0000-00-00 00:00:00', '344'),
(345, 22, 'Kabupaten Kotawaringin Timur', NULL, 1, '0000-00-00 00:00:00', '0000-00-00 00:00:00', '345'),
(346, 22, 'Kabupaten Lamandau', NULL, 1, '0000-00-00 00:00:00', '0000-00-00 00:00:00', '346'),
(347, 22, 'Kabupaten Murung Raya', NULL, 1, '0000-00-00 00:00:00', '0000-00-00 00:00:00', '347'),
(348, 22, 'Kabupaten Pulang Pisau', NULL, 1, '0000-00-00 00:00:00', '0000-00-00 00:00:00', '348'),
(349, 22, 'Kabupaten Sukamara', NULL, 1, '0000-00-00 00:00:00', '0000-00-00 00:00:00', '349'),
(350, 22, 'Kabupaten Seruyan', NULL, 1, '0000-00-00 00:00:00', '0000-00-00 00:00:00', '350'),
(351, 22, 'Kota Palangka Raya', NULL, 1, '0000-00-00 00:00:00', '0000-00-00 00:00:00', '351'),
(352, 23, 'Kabupaten Berau', NULL, 1, '0000-00-00 00:00:00', '0000-00-00 00:00:00', '352'),
(353, 23, 'Kabupaten Bulungan', NULL, 1, '0000-00-00 00:00:00', '0000-00-00 00:00:00', '353'),
(354, 23, 'Kabupaten Kutai Barat', NULL, 1, '0000-00-00 00:00:00', '0000-00-00 00:00:00', '354'),
(355, 23, 'Kabupaten Kutai Kartanegara', NULL, 1, '0000-00-00 00:00:00', '0000-00-00 00:00:00', '355'),
(356, 23, 'Kabupaten Kutai Timur', NULL, 1, '0000-00-00 00:00:00', '0000-00-00 00:00:00', '356'),
(357, 23, 'Kabupaten Malinau', NULL, 1, '0000-00-00 00:00:00', '0000-00-00 00:00:00', '357'),
(358, 23, 'Kabupaten Nunukan', NULL, 1, '0000-00-00 00:00:00', '0000-00-00 00:00:00', '358'),
(359, 23, 'Kabupaten Paser', NULL, 1, '0000-00-00 00:00:00', '0000-00-00 00:00:00', '359'),
(360, 23, 'Kabupaten Penajam Paser Utara', NULL, 1, '0000-00-00 00:00:00', '0000-00-00 00:00:00', '360'),
(361, 23, 'Kabupaten Tana Tidung', NULL, 1, '0000-00-00 00:00:00', '0000-00-00 00:00:00', '361'),
(362, 23, 'Kota Balikpapan', NULL, 1, '0000-00-00 00:00:00', '0000-00-00 00:00:00', '362'),
(363, 23, 'Kota Bontang', NULL, 1, '0000-00-00 00:00:00', '0000-00-00 00:00:00', '363'),
(364, 23, 'Kota Samarinda', NULL, 1, '0000-00-00 00:00:00', '0000-00-00 00:00:00', '364'),
(365, 23, 'Kota Tarakan', NULL, 1, '0000-00-00 00:00:00', '0000-00-00 00:00:00', '365'),
(366, 24, 'Kabupaten Boalemo', NULL, 1, '0000-00-00 00:00:00', '0000-00-00 00:00:00', '366'),
(367, 24, 'Kabupaten Bone Bolango', NULL, 1, '0000-00-00 00:00:00', '0000-00-00 00:00:00', '367'),
(368, 24, 'Kabupaten Gorontalo', NULL, 1, '0000-00-00 00:00:00', '0000-00-00 00:00:00', '368'),
(369, 24, 'Kabupaten Gorontalo Utara', NULL, 1, '0000-00-00 00:00:00', '0000-00-00 00:00:00', '369'),
(370, 24, 'Kabupaten Pohuwato', NULL, 1, '0000-00-00 00:00:00', '0000-00-00 00:00:00', '370'),
(371, 24, 'Kota Gorontalo', NULL, 1, '0000-00-00 00:00:00', '0000-00-00 00:00:00', '371'),
(372, 25, 'Kabupaten Bantaeng', NULL, 1, '0000-00-00 00:00:00', '0000-00-00 00:00:00', '372'),
(373, 25, 'Kabupaten Barru', NULL, 1, '0000-00-00 00:00:00', '0000-00-00 00:00:00', '373'),
(374, 25, 'Kabupaten Bone', NULL, 1, '0000-00-00 00:00:00', '0000-00-00 00:00:00', '374'),
(375, 25, 'Kabupaten Bulukumba', NULL, 1, '0000-00-00 00:00:00', '0000-00-00 00:00:00', '375'),
(376, 25, 'Kabupaten Enrekang', NULL, 1, '0000-00-00 00:00:00', '0000-00-00 00:00:00', '376'),
(377, 25, 'Kabupaten Gowa', NULL, 1, '0000-00-00 00:00:00', '0000-00-00 00:00:00', '377'),
(378, 25, 'Kabupaten Jeneponto', NULL, 1, '0000-00-00 00:00:00', '0000-00-00 00:00:00', '378'),
(379, 25, 'Kabupaten Kepulauan Selayar', NULL, 1, '0000-00-00 00:00:00', '0000-00-00 00:00:00', '379'),
(380, 25, 'Kabupaten Luwu', NULL, 1, '0000-00-00 00:00:00', '0000-00-00 00:00:00', '380'),
(381, 25, 'Kabupaten Luwu Timur', NULL, 1, '0000-00-00 00:00:00', '0000-00-00 00:00:00', '381'),
(382, 25, 'Kabupaten Luwu Utara', NULL, 1, '0000-00-00 00:00:00', '0000-00-00 00:00:00', '382'),
(383, 25, 'Kabupaten Maros', NULL, 1, '0000-00-00 00:00:00', '0000-00-00 00:00:00', '383'),
(384, 25, 'Kabupaten Pangkajene dan Kepulauan', NULL, 1, '0000-00-00 00:00:00', '0000-00-00 00:00:00', '384'),
(385, 25, 'Kabupaten Pinrang', NULL, 1, '0000-00-00 00:00:00', '0000-00-00 00:00:00', '385'),
(386, 25, 'Kabupaten Sidenreng Rappang', NULL, 1, '0000-00-00 00:00:00', '0000-00-00 00:00:00', '386'),
(387, 25, 'Kabupaten Sinjai', NULL, 1, '0000-00-00 00:00:00', '0000-00-00 00:00:00', '387'),
(388, 25, 'Kabupaten Soppeng', NULL, 1, '0000-00-00 00:00:00', '0000-00-00 00:00:00', '388'),
(389, 25, 'Kabupaten Takalar', NULL, 1, '0000-00-00 00:00:00', '0000-00-00 00:00:00', '389'),
(390, 25, 'Kabupaten Tana Toraja', NULL, 1, '0000-00-00 00:00:00', '0000-00-00 00:00:00', '390'),
(391, 25, 'Kabupaten Toraja Utara', NULL, 1, '0000-00-00 00:00:00', '0000-00-00 00:00:00', '391'),
(392, 25, 'Kabupaten Wajo', NULL, 1, '0000-00-00 00:00:00', '0000-00-00 00:00:00', '392'),
(393, 25, 'Kota Makassar', NULL, 1, '0000-00-00 00:00:00', '0000-00-00 00:00:00', '393'),
(394, 25, 'Kota Palopo', NULL, 1, '0000-00-00 00:00:00', '0000-00-00 00:00:00', '394'),
(395, 25, 'Kota Parepare', NULL, 1, '0000-00-00 00:00:00', '0000-00-00 00:00:00', '395'),
(396, 26, 'Kabupaten Bombana', NULL, 1, '0000-00-00 00:00:00', '0000-00-00 00:00:00', '396'),
(397, 26, 'Kabupaten Buton', NULL, 1, '0000-00-00 00:00:00', '0000-00-00 00:00:00', '397'),
(398, 26, 'Kabupaten Buton Utara', NULL, 1, '0000-00-00 00:00:00', '0000-00-00 00:00:00', '398'),
(399, 26, 'Kabupaten Kolaka', NULL, 1, '0000-00-00 00:00:00', '0000-00-00 00:00:00', '399'),
(400, 26, 'Kabupaten Kolaka Utara', NULL, 1, '0000-00-00 00:00:00', '0000-00-00 00:00:00', '400'),
(401, 26, 'Kabupaten Konawe', NULL, 1, '0000-00-00 00:00:00', '0000-00-00 00:00:00', '401'),
(402, 26, 'Kabupaten Konawe Selatan', NULL, 1, '0000-00-00 00:00:00', '0000-00-00 00:00:00', '402'),
(403, 26, 'Kabupaten Konawe Utara', NULL, 1, '0000-00-00 00:00:00', '0000-00-00 00:00:00', '403'),
(404, 26, 'Kabupaten Muna', NULL, 1, '0000-00-00 00:00:00', '0000-00-00 00:00:00', '404'),
(405, 26, 'Kabupaten Wakatobi', NULL, 1, '0000-00-00 00:00:00', '0000-00-00 00:00:00', '405'),
(406, 26, 'Kota Bau-Bau', NULL, 1, '0000-00-00 00:00:00', '0000-00-00 00:00:00', '406'),
(407, 26, 'Kota Kendari', NULL, 1, '0000-00-00 00:00:00', '0000-00-00 00:00:00', '407'),
(408, 27, 'Kabupaten Banggai', NULL, 1, '0000-00-00 00:00:00', '0000-00-00 00:00:00', '408'),
(409, 27, 'Kabupaten Banggai Kepulauan', NULL, 1, '0000-00-00 00:00:00', '0000-00-00 00:00:00', '409'),
(410, 27, 'Kabupaten Buol', NULL, 1, '0000-00-00 00:00:00', '0000-00-00 00:00:00', '410'),
(411, 27, 'Kabupaten Donggala', NULL, 1, '0000-00-00 00:00:00', '0000-00-00 00:00:00', '411'),
(412, 27, 'Kabupaten Morowali', NULL, 1, '0000-00-00 00:00:00', '0000-00-00 00:00:00', '412'),
(413, 27, 'Kabupaten Parigi Moutong', NULL, 1, '0000-00-00 00:00:00', '0000-00-00 00:00:00', '413'),
(414, 27, 'Kabupaten Poso', NULL, 1, '0000-00-00 00:00:00', '0000-00-00 00:00:00', '414'),
(415, 27, 'Kabupaten Tojo Una-Una', NULL, 1, '0000-00-00 00:00:00', '0000-00-00 00:00:00', '415'),
(416, 27, 'Kabupaten Toli-Toli', NULL, 1, '0000-00-00 00:00:00', '0000-00-00 00:00:00', '416'),
(417, 27, 'Kabupaten Sigi', NULL, 1, '0000-00-00 00:00:00', '0000-00-00 00:00:00', '417'),
(418, 27, 'Kota Palu', NULL, 1, '0000-00-00 00:00:00', '0000-00-00 00:00:00', '418'),
(419, 28, 'Kabupaten Bolaang Mongondow', NULL, 1, '0000-00-00 00:00:00', '0000-00-00 00:00:00', '419'),
(420, 28, 'Kabupaten Bolaang Mongondow Selatan', NULL, 1, '0000-00-00 00:00:00', '0000-00-00 00:00:00', '420'),
(421, 28, 'Kabupaten Bolaang Mongondow Timur', NULL, 1, '0000-00-00 00:00:00', '0000-00-00 00:00:00', '421'),
(422, 28, 'Kabupaten Bolaang Mongondow Utara', NULL, 1, '0000-00-00 00:00:00', '0000-00-00 00:00:00', '422'),
(423, 28, 'Kabupaten Kepulauan Sangihe', NULL, 1, '0000-00-00 00:00:00', '0000-00-00 00:00:00', '423'),
(424, 28, 'Kabupaten Kepulauan Siau Tagulandang Biaro', NULL, 1, '0000-00-00 00:00:00', '0000-00-00 00:00:00', '424'),
(425, 28, 'Kabupaten Kepulauan Talaud', NULL, 1, '0000-00-00 00:00:00', '0000-00-00 00:00:00', '425'),
(426, 28, 'Kabupaten Minahasa', NULL, 1, '0000-00-00 00:00:00', '0000-00-00 00:00:00', '426'),
(427, 28, 'Kabupaten Minahasa Selatan', NULL, 1, '0000-00-00 00:00:00', '0000-00-00 00:00:00', '427'),
(428, 28, 'Kabupaten Minahasa Tenggara', NULL, 1, '0000-00-00 00:00:00', '0000-00-00 00:00:00', '428'),
(429, 28, 'Kabupaten Minahasa Utara', NULL, 1, '0000-00-00 00:00:00', '0000-00-00 00:00:00', '429'),
(430, 28, 'Kota Bitung', NULL, 1, '0000-00-00 00:00:00', '0000-00-00 00:00:00', '430'),
(431, 28, 'Kota Kotamobagu', NULL, 1, '0000-00-00 00:00:00', '0000-00-00 00:00:00', '431'),
(432, 28, 'Kota Manado', NULL, 1, '0000-00-00 00:00:00', '0000-00-00 00:00:00', '432'),
(433, 28, 'Kota Tomohon', NULL, 1, '0000-00-00 00:00:00', '0000-00-00 00:00:00', '433'),
(434, 29, 'Kabupaten Majene', NULL, 1, '0000-00-00 00:00:00', '0000-00-00 00:00:00', '434'),
(435, 29, 'Kabupaten Mamasa', NULL, 1, '0000-00-00 00:00:00', '0000-00-00 00:00:00', '435'),
(436, 29, 'Kabupaten Mamuju', NULL, 1, '0000-00-00 00:00:00', '0000-00-00 00:00:00', '436'),
(437, 29, 'Kabupaten Mamuju Utara', NULL, 1, '0000-00-00 00:00:00', '0000-00-00 00:00:00', '437'),
(438, 29, 'Kabupaten Polewali Mandar', NULL, 1, '0000-00-00 00:00:00', '0000-00-00 00:00:00', '438'),
(439, 30, 'Kabupaten Buru', NULL, 1, '0000-00-00 00:00:00', '0000-00-00 00:00:00', '439'),
(440, 30, 'Kabupaten Buru Selatan', NULL, 1, '0000-00-00 00:00:00', '0000-00-00 00:00:00', '440'),
(441, 30, 'Kabupaten Kepulauan Aru', NULL, 1, '0000-00-00 00:00:00', '0000-00-00 00:00:00', '441'),
(442, 30, 'Kabupaten Maluku Barat Daya', NULL, 1, '0000-00-00 00:00:00', '0000-00-00 00:00:00', '442'),
(443, 30, 'Kabupaten Maluku Tengah', NULL, 1, '0000-00-00 00:00:00', '0000-00-00 00:00:00', '443'),
(444, 30, 'Kabupaten Maluku Tenggara', NULL, 1, '0000-00-00 00:00:00', '0000-00-00 00:00:00', '444'),
(445, 30, 'Kabupaten Maluku Tenggara Barat', NULL, 1, '0000-00-00 00:00:00', '0000-00-00 00:00:00', '445'),
(446, 30, 'Kabupaten Seram Bagian Barat', NULL, 1, '0000-00-00 00:00:00', '0000-00-00 00:00:00', '446'),
(447, 30, 'Kabupaten Seram Bagian Timur', NULL, 1, '0000-00-00 00:00:00', '0000-00-00 00:00:00', '447'),
(448, 30, 'Kota Ambon', NULL, 1, '0000-00-00 00:00:00', '0000-00-00 00:00:00', '448'),
(449, 30, 'Kota Tual', NULL, 1, '0000-00-00 00:00:00', '0000-00-00 00:00:00', '449'),
(450, 31, 'Kabupaten Halmahera Barat', NULL, 1, '0000-00-00 00:00:00', '0000-00-00 00:00:00', '450'),
(451, 31, 'Kabupaten Halmahera Tengah', NULL, 1, '0000-00-00 00:00:00', '0000-00-00 00:00:00', '451'),
(452, 31, 'Kabupaten Halmahera Utara', NULL, 1, '0000-00-00 00:00:00', '0000-00-00 00:00:00', '452'),
(453, 31, 'Kabupaten Halmahera Selatan', NULL, 1, '0000-00-00 00:00:00', '0000-00-00 00:00:00', '453'),
(454, 31, 'Kabupaten Kepulauan Sula', NULL, 1, '0000-00-00 00:00:00', '0000-00-00 00:00:00', '454'),
(455, 31, 'Kabupaten Halmahera Timur', NULL, 1, '0000-00-00 00:00:00', '0000-00-00 00:00:00', '455'),
(456, 31, 'Kabupaten Pulau Morotai', NULL, 1, '0000-00-00 00:00:00', '0000-00-00 00:00:00', '456'),
(457, 31, 'Kota Ternate', NULL, 1, '0000-00-00 00:00:00', '0000-00-00 00:00:00', '457'),
(458, 31, 'Kota Tidore Kepulauan', NULL, 1, '0000-00-00 00:00:00', '0000-00-00 00:00:00', '458'),
(459, 32, 'Kabupaten Asmat', NULL, 1, '0000-00-00 00:00:00', '0000-00-00 00:00:00', '459'),
(460, 32, 'Kabupaten Biak Numfor', NULL, 1, '0000-00-00 00:00:00', '0000-00-00 00:00:00', '460'),
(461, 32, 'Kabupaten Boven Digoel', NULL, 1, '0000-00-00 00:00:00', '0000-00-00 00:00:00', '461'),
(462, 32, 'Kabupaten Deiyai', NULL, 1, '0000-00-00 00:00:00', '0000-00-00 00:00:00', '462'),
(463, 32, 'Kabupaten Dogiyai', NULL, 1, '0000-00-00 00:00:00', '0000-00-00 00:00:00', '463'),
(464, 32, 'Kabupaten Intan Jaya', NULL, 1, '0000-00-00 00:00:00', '0000-00-00 00:00:00', '464'),
(465, 32, 'Kabupaten Jayapura', NULL, 1, '0000-00-00 00:00:00', '0000-00-00 00:00:00', '465'),
(466, 32, 'Kabupaten Jayawijaya', NULL, 1, '0000-00-00 00:00:00', '0000-00-00 00:00:00', '466'),
(467, 32, 'Kabupaten Keerom', NULL, 1, '0000-00-00 00:00:00', '0000-00-00 00:00:00', '467'),
(468, 32, 'Kabupaten Kepulauan Yapen', NULL, 1, '0000-00-00 00:00:00', '0000-00-00 00:00:00', '468'),
(469, 32, 'Kabupaten Lanny Jaya', NULL, 1, '0000-00-00 00:00:00', '0000-00-00 00:00:00', '469'),
(470, 32, 'Kabupaten Mamberamo Raya', NULL, 1, '0000-00-00 00:00:00', '0000-00-00 00:00:00', '470'),
(471, 32, 'Kabupaten Mamberamo Tengah', NULL, 1, '0000-00-00 00:00:00', '0000-00-00 00:00:00', '471'),
(472, 32, 'Kabupaten Mappi', NULL, 1, '0000-00-00 00:00:00', '0000-00-00 00:00:00', '472'),
(473, 32, 'Kabupaten Merauke', NULL, 1, '0000-00-00 00:00:00', '0000-00-00 00:00:00', '473'),
(474, 32, 'Kabupaten Mimika', NULL, 1, '0000-00-00 00:00:00', '0000-00-00 00:00:00', '474'),
(475, 32, 'Kabupaten Nabire', NULL, 1, '0000-00-00 00:00:00', '0000-00-00 00:00:00', '475'),
(476, 32, 'Kabupaten Nduga', NULL, 1, '0000-00-00 00:00:00', '0000-00-00 00:00:00', '476'),
(477, 32, 'Kabupaten Paniai', NULL, 1, '0000-00-00 00:00:00', '0000-00-00 00:00:00', '477'),
(478, 32, 'Kabupaten Pegunungan Bintang', NULL, 1, '0000-00-00 00:00:00', '0000-00-00 00:00:00', '478'),
(479, 32, 'Kabupaten Puncak', NULL, 1, '0000-00-00 00:00:00', '0000-00-00 00:00:00', '479'),
(480, 32, 'Kabupaten Puncak Jaya', NULL, 1, '0000-00-00 00:00:00', '0000-00-00 00:00:00', '480'),
(481, 32, 'Kabupaten Sarmi', NULL, 1, '0000-00-00 00:00:00', '0000-00-00 00:00:00', '481'),
(482, 32, 'Kabupaten Supiori', NULL, 1, '0000-00-00 00:00:00', '0000-00-00 00:00:00', '482'),
(483, 32, 'Kabupaten Tolikara', NULL, 1, '0000-00-00 00:00:00', '0000-00-00 00:00:00', '483'),
(484, 32, 'Kabupaten Waropen', NULL, 1, '0000-00-00 00:00:00', '0000-00-00 00:00:00', '484'),
(485, 32, 'Kabupaten Yahukimo', NULL, 1, '0000-00-00 00:00:00', '0000-00-00 00:00:00', '485'),
(486, 32, 'Kabupaten Yalimo', NULL, 1, '0000-00-00 00:00:00', '0000-00-00 00:00:00', '486'),
(487, 32, 'Kota Jayapura', NULL, 1, '0000-00-00 00:00:00', '0000-00-00 00:00:00', '487'),
(488, 33, 'Kabupaten Fakfak', NULL, 1, '0000-00-00 00:00:00', '0000-00-00 00:00:00', '488'),
(489, 33, 'Kabupaten Kaimana', NULL, 1, '0000-00-00 00:00:00', '0000-00-00 00:00:00', '489'),
(490, 33, 'Kabupaten Manokwari', NULL, 1, '0000-00-00 00:00:00', '0000-00-00 00:00:00', '490'),
(491, 33, 'Kabupaten Maybrat', NULL, 1, '0000-00-00 00:00:00', '0000-00-00 00:00:00', '491'),
(492, 33, 'Kabupaten Raja Ampat', NULL, 1, '0000-00-00 00:00:00', '0000-00-00 00:00:00', '492'),
(493, 33, 'Kabupaten Sorong', NULL, 1, '0000-00-00 00:00:00', '0000-00-00 00:00:00', '493'),
(494, 33, 'Kabupaten Sorong Selatan', NULL, 1, '0000-00-00 00:00:00', '0000-00-00 00:00:00', '494'),
(495, 33, 'Kabupaten Tambrauw', NULL, 1, '0000-00-00 00:00:00', '0000-00-00 00:00:00', '495'),
(496, 33, 'Kabupaten Teluk Bintuni', NULL, 1, '0000-00-00 00:00:00', '0000-00-00 00:00:00', '496'),
(497, 33, 'Kabupaten Teluk Wondama', NULL, 1, '0000-00-00 00:00:00', '0000-00-00 00:00:00', '497'),
(498, 33, 'Kota Sorong', NULL, 1, '0000-00-00 00:00:00', '0000-00-00 00:00:00', '498');

-- --------------------------------------------------------

--
-- Table structure for table `orang`
--

CREATE TABLE IF NOT EXISTS `orang` (
  `id` int(11) NOT NULL AUTO_INCREMENT,
  `nama` varchar(255) COLLATE utf8_unicode_ci NOT NULL,
  `no_identitas` varchar(255) COLLATE utf8_unicode_ci NOT NULL,
  `jk` varchar(20) COLLATE utf8_unicode_ci NOT NULL,
  `alamat` longtext COLLATE utf8_unicode_ci,
  `is_active` tinyint(1) NOT NULL,
  `created_at` datetime NOT NULL,
  `updated_at` datetime DEFAULT NULL,
  `token` varchar(255) COLLATE utf8_unicode_ci NOT NULL,
  `is_delete` tinyint(1) DEFAULT NULL,
  `kabupaten_id` int(11) DEFAULT NULL,
  PRIMARY KEY (`id`),
  UNIQUE KEY `UNIQ_7DCB6C535F37A13B` (`token`),
  KEY `IDX_7DCB6C53DE60E87F` (`kabupaten_id`)
) ENGINE=InnoDB  DEFAULT CHARSET=utf8 COLLATE=utf8_unicode_ci AUTO_INCREMENT=901 ;

--
-- Dumping data for table `orang`
--

INSERT INTO `orang` (`id`, `nama`, `no_identitas`, `jk`, `alamat`, `is_active`, `created_at`, `updated_at`, `token`, `is_delete`, `kabupaten_id`) VALUES
(1, 'Ayu Puji Lestari', '12010110019', 'Perempuan', '', 1, '2015-10-29 00:00:00', '0000-00-00 00:00:00', '1', 0, 340),
(2, 'Nadya Saskhita Putri', '12010210062', 'Perempuan', '', 1, '2015-10-29 00:00:00', '0000-00-00 00:00:00', '2', 0, 340),
(3, 'Omberyati', '12010210073', 'Perempuan', '', 1, '2015-10-29 00:00:00', '0000-00-00 00:00:00', '3', 0, 340),
(4, 'Prayogasno Erlangga', '12010210077', 'Laki-laki', '', 1, '2015-10-29 00:00:00', '0000-00-00 00:00:00', '4', 0, 340),
(5, 'Muhammad Abdullah Basri', '12010310064', 'Laki-laki', '', 1, '2015-10-29 00:00:00', '0000-00-00 00:00:00', '5', 0, 340),
(6, 'Rahmat Atiyadi', '12010310082', 'Laki-laki', '', 1, '2015-10-29 00:00:00', '0000-00-00 00:00:00', '6', 0, 340),
(7, 'Rivanva Bella', '12010310087', 'Laki-laki', '', 1, '2015-10-29 00:00:00', '0000-00-00 00:00:00', '7', 0, 340),
(8, 'Chandra Ramdani', '12010110023', 'Laki-laki', '', 1, '2015-10-29 00:00:00', '0000-00-00 00:00:00', '8', 0, 341),
(9, 'Dede Agustianie', '12010110026', 'Perempuan', '', 1, '2015-10-29 00:00:00', '0000-00-00 00:00:00', '9', 0, 341),
(10, 'Desi Damayanti', '12010310023', 'Perempuan', '', 1, '2015-10-29 00:00:00', '0000-00-00 00:00:00', '10', 0, 341),
(11, 'Kristison Zakaria', '12010310051', 'Laki-laki', '', 1, '2015-10-29 00:00:00', '0000-00-00 00:00:00', '11', 0, 341),
(12, 'Lala Laili', '12010310052', 'Perempuan', '', 1, '2015-10-29 00:00:00', '0000-00-00 00:00:00', '12', 0, 341),
(13, 'Maria Florida', '12010310057', 'Perempuan', '', 1, '2015-10-29 00:00:00', '0000-00-00 00:00:00', '13', 0, 341),
(14, 'Afriko', '12010110002', 'Laki-laki', '', 1, '2015-10-29 00:00:00', '0000-00-00 00:00:00', '14', 0, 342),
(15, 'Arif Rahman Hakim', '12010110148', 'Laki-laki', '', 1, '2015-10-29 00:00:00', '0000-00-00 00:00:00', '15', 0, 342),
(16, 'Aris Rachman Hakim', '12010210004', 'Laki-laki', '', 1, '2015-10-29 00:00:00', '0000-00-00 00:00:00', '16', 0, 342),
(17, 'Diyan Patimah', '12010210020', 'Perempuan', '', 1, '2015-10-29 00:00:00', '0000-00-00 00:00:00', '17', 0, 342),
(18, 'Yoga Saputra', '12010210098', 'Laki-laki', '', 1, '2015-10-29 00:00:00', '0000-00-00 00:00:00', '18', 0, 342),
(19, 'Cresna Juwita', '12010310020', 'Perempuan', '', 1, '2015-10-29 00:00:00', '0000-00-00 00:00:00', '19', 0, 342),
(20, 'M Amin', '12010310056', 'Laki-laki', '', 1, '2015-10-29 00:00:00', '0000-00-00 00:00:00', '20', 0, 342),
(21, 'Aprianto Akasi', '12010110012', 'Laki-laki', '', 1, '2015-10-29 00:00:00', '0000-00-00 00:00:00', '21', 0, 343),
(22, 'Iko Panrio', '12010210039', 'Laki-laki', '', 1, '2015-10-29 00:00:00', '0000-00-00 00:00:00', '22', 0, 343),
(23, 'Renatity Sumanty', '12010210083', 'Perempuan', '', 1, '2015-10-29 00:00:00', '0000-00-00 00:00:00', '23', 0, 343),
(24, 'Ninae Natalia Sinta', '12010310071', 'Perempuan', '', 1, '2015-10-29 00:00:00', '0000-00-00 00:00:00', '24', 0, 343),
(25, 'Wandriono Rusmin', '12010310103', 'Laki-laki', '', 1, '2015-10-29 00:00:00', '0000-00-00 00:00:00', '25', 0, 343),
(26, 'Ninae Natalia Sinta', '14010110103', 'Perempuan', '', 1, '2015-10-29 00:00:00', '0000-00-00 00:00:00', '26', 0, 343),
(27, 'Lukman Fakhmi', '12010110061', 'Laki-laki', '', 1, '2015-10-29 00:00:00', '0000-00-00 00:00:00', '27', 0, 344),
(28, 'As''har Haris', '12010210005', 'Laki-laki', '', 1, '2015-10-29 00:00:00', '0000-00-00 00:00:00', '28', 0, 344),
(29, 'Rachmad Rinaldie', '12010310081', 'Laki-laki', '', 1, '2015-10-29 00:00:00', '0000-00-00 00:00:00', '29', 0, 344),
(30, 'Wahyu Benny Wulandari', '12010110116', 'Perempuan', '', 1, '2015-10-29 00:00:00', '0000-00-00 00:00:00', '30', 0, 345),
(31, 'Trisnia  Ajeng Kusumaningtyas', '12010210093', 'Perempuan', '', 1, '2015-10-29 00:00:00', '0000-00-00 00:00:00', '31', 0, 345),
(32, 'Vertikasari Puspita Ningrum', '12010210094', 'Perempuan', '', 1, '2015-10-29 00:00:00', '0000-00-00 00:00:00', '32', 0, 345),
(33, 'Andy Rahman', '12010310011', 'Laki-laki', '', 1, '2015-10-29 00:00:00', '0000-00-00 00:00:00', '33', 0, 345),
(34, 'Arif Widodo', '12010310013', 'Laki-laki', '', 1, '2015-10-29 00:00:00', '0000-00-00 00:00:00', '34', 0, 345),
(35, 'Ido Ainun Hufron', '12010110047', 'Laki-laki', '', 1, '2015-10-29 00:00:00', '0000-00-00 00:00:00', '35', 0, 346),
(36, 'Lusitania', '12010110062', 'Perempuan', '', 1, '2015-10-29 00:00:00', '0000-00-00 00:00:00', '36', 0, 346),
(37, 'Fikalis Nong Emu', '12010310037', 'Laki-laki', '', 1, '2015-10-29 00:00:00', '0000-00-00 00:00:00', '37', 0, 346),
(38, 'Muhamad Fauzi Ashari', '12010310062', 'Laki-laki', '', 1, '2015-10-29 00:00:00', '0000-00-00 00:00:00', '38', 0, 346),
(39, 'Ida Trisnawati', '12010210038', 'Perempuan', '', 1, '2015-10-29 00:00:00', '0000-00-00 00:00:00', '39', 0, 348),
(40, 'Nurul Jannah', '12010210070', 'Perempuan', '', 1, '2015-10-29 00:00:00', '0000-00-00 00:00:00', '40', 0, 348),
(41, 'Ratmini', '12010210082', 'Perempuan', '', 1, '2015-10-29 00:00:00', '0000-00-00 00:00:00', '41', 0, 348),
(42, 'Zeiny Triana', '12010210101', 'Perempuan', '', 1, '2015-10-29 00:00:00', '0000-00-00 00:00:00', '42', 0, 348),
(43, 'Novi Gustavia Permana', '12010210065', 'Perempuan', '', 1, '2015-10-29 00:00:00', '0000-00-00 00:00:00', '43', 0, 350),
(44, 'Romie', '12010210087', 'Laki-laki', '', 1, '2015-10-29 00:00:00', '0000-00-00 00:00:00', '44', 0, 350),
(45, 'Eka Prasetya', '12010310028', 'Perempuan', '', 1, '2015-10-29 00:00:00', '0000-00-00 00:00:00', '45', 0, 350),
(46, 'Eka Prasetya', '14010210101', 'Perempuan', '', 1, '2015-10-29 00:00:00', '0000-00-00 00:00:00', '46', 0, 350),
(47, 'Ayu Ronauli Simanjuntak', '12010210010', 'Perempuan', '', 1, '2015-10-29 00:00:00', '0000-00-00 00:00:00', '47', 0, 349),
(48, 'Azmah  Nurlaily', '12010210011', 'Perempuan', '', 1, '2015-10-29 00:00:00', '0000-00-00 00:00:00', '48', 0, 349),
(49, 'Wahyuni', '12010210095', 'Perempuan', '', 1, '2015-10-29 00:00:00', '0000-00-00 00:00:00', '49', 0, 349),
(50, 'Mona Ari Santi', '12010310061', 'Perempuan', '', 1, '2015-10-29 00:00:00', '0000-00-00 00:00:00', '50', 0, 349),
(51, 'Aisyah', '11010110003', 'Perempuan', '', 1, '2015-10-29 00:00:00', '0000-00-00 00:00:00', '51', 0, 144),
(52, 'Aprilliana', '11010110006', 'Perempuan', '', 1, '2015-10-29 00:00:00', '0000-00-00 00:00:00', '52', 0, 144),
(53, 'Ayu Erawati', '11010110009', 'Perempuan', '', 1, '2015-10-29 00:00:00', '0000-00-00 00:00:00', '53', 0, 144),
(54, 'Betta Anggraini', '11010110012', 'Perempuan', '', 1, '2015-10-29 00:00:00', '0000-00-00 00:00:00', '54', 0, 144),
(55, 'Eko Ebriyanto', '11010110020', 'Laki-laki', '', 1, '2015-10-29 00:00:00', '0000-00-00 00:00:00', '55', 0, 144),
(56, 'Feriz Franata', '11010110027', 'Laki-laki', '', 1, '2015-10-29 00:00:00', '0000-00-00 00:00:00', '56', 0, 144),
(57, 'Handis Setioko', '11010110030', 'Laki-laki', '', 1, '2015-10-29 00:00:00', '0000-00-00 00:00:00', '57', 0, 144),
(58, 'Hengky Pranata', '11010110033', 'Laki-laki', '', 1, '2015-10-29 00:00:00', '0000-00-00 00:00:00', '58', 0, 144),
(59, 'Indah Lestari', '11010110035', 'Perempuan', '', 1, '2015-10-29 00:00:00', '0000-00-00 00:00:00', '59', 0, 144),
(60, 'Kholid Aditya', '11010110039', 'Laki-laki', '', 1, '2015-10-29 00:00:00', '0000-00-00 00:00:00', '60', 0, 144),
(61, 'Muhammad Mahmud', '11010110055', 'Laki-laki', '', 1, '2015-10-29 00:00:00', '0000-00-00 00:00:00', '61', 0, 144),
(62, 'Nalarati', '11010110058', 'Perempuan', '', 1, '2015-10-29 00:00:00', '0000-00-00 00:00:00', '62', 0, 144),
(63, 'Nurdiansyah', '11010110062', 'Laki-laki', '', 1, '2015-10-29 00:00:00', '0000-00-00 00:00:00', '63', 0, 144),
(64, 'Olanda Dwi Sumintra', '11010110064', 'Perempuan', '', 1, '2015-10-29 00:00:00', '0000-00-00 00:00:00', '64', 0, 144),
(65, 'Pautika', '11010110068', 'Perempuan', '', 1, '2015-10-29 00:00:00', '0000-00-00 00:00:00', '65', 0, 144),
(66, 'Ultarina Lestari', '11010110083', 'Perempuan', '', 1, '2015-10-29 00:00:00', '0000-00-00 00:00:00', '66', 0, 144),
(67, 'Widya Agustin', '11010110090', 'Perempuan', '', 1, '2015-10-29 00:00:00', '0000-00-00 00:00:00', '67', 0, 144),
(68, 'Ahmad Muaddin', '11010310001', 'Laki-laki', '', 1, '2015-10-29 00:00:00', '0000-00-00 00:00:00', '68', 0, 144),
(69, 'Rachmat Setiawan', '11010310046', 'Laki-laki', '', 1, '2015-10-29 00:00:00', '0000-00-00 00:00:00', '69', 0, 144),
(70, 'Rizqi Pratama Putra', '11010310049', 'Laki-laki', '', 1, '2015-10-29 00:00:00', '0000-00-00 00:00:00', '70', 0, 144),
(71, 'Akhmad Rusydi', '12010110006', 'Laki-laki', '', 1, '2015-10-29 00:00:00', '0000-00-00 00:00:00', '71', 0, 144),
(72, 'Andri', '12010110008', 'Laki-laki', '', 1, '2015-10-29 00:00:00', '0000-00-00 00:00:00', '72', 0, 144),
(73, 'Anggun Vabella Putri', '12010110009', 'Perempuan', '', 1, '2015-10-29 00:00:00', '0000-00-00 00:00:00', '73', 0, 144),
(74, 'Armianti', '12010110013', 'Perempuan', '', 1, '2015-10-29 00:00:00', '0000-00-00 00:00:00', '74', 0, 144),
(75, 'Christian Hardanu Pratama', '12010110024', 'Laki-laki', '', 1, '2015-10-29 00:00:00', '0000-00-00 00:00:00', '75', 0, 144),
(76, 'Dawuh Nuril Wildan', '12010110025', 'Laki-laki', '', 1, '2015-10-29 00:00:00', '0000-00-00 00:00:00', '76', 0, 144),
(77, 'Ervan Andreas', '12010110036', 'Laki-laki', '', 1, '2015-10-29 00:00:00', '0000-00-00 00:00:00', '77', 0, 144),
(78, 'Haryadi', '12010110042', 'Laki-laki', '', 1, '2015-10-29 00:00:00', '0000-00-00 00:00:00', '78', 0, 144),
(79, 'Henny Elasy', '12010110043', 'Perempuan', '', 1, '2015-10-29 00:00:00', '0000-00-00 00:00:00', '79', 0, 144),
(80, 'Herlyn Herawati', '12010110044', 'Perempuan', '', 1, '2015-10-29 00:00:00', '0000-00-00 00:00:00', '80', 0, 144),
(81, 'Indri Yani', '12010110049', 'Perempuan', '', 1, '2015-10-29 00:00:00', '0000-00-00 00:00:00', '81', 0, 144),
(82, 'Ita Purnamasari', '12010110052', 'Perempuan', '', 1, '2015-10-29 00:00:00', '0000-00-00 00:00:00', '82', 0, 144),
(83, 'Januarsih', '12010110053', 'Perempuan', '', 1, '2015-10-29 00:00:00', '0000-00-00 00:00:00', '83', 0, 144),
(84, 'Kartika Widuri', '12010110056', 'Perempuan', '', 1, '2015-10-29 00:00:00', '0000-00-00 00:00:00', '84', 0, 144),
(85, 'Kiboy Nasril', '12010110057', 'Laki-laki', '', 1, '2015-10-29 00:00:00', '0000-00-00 00:00:00', '85', 0, 144),
(86, 'Marcella', '12010110063', 'Perempuan', '', 1, '2015-10-29 00:00:00', '0000-00-00 00:00:00', '86', 0, 144),
(87, 'Melda Kurniasih', '12010110066', 'Perempuan', '', 1, '2015-10-29 00:00:00', '0000-00-00 00:00:00', '87', 0, 144),
(88, 'Minda Lestari', '12010110068', 'Perempuan', '', 1, '2015-10-29 00:00:00', '0000-00-00 00:00:00', '88', 0, 144),
(89, 'Novandra Sagita', '12010110075', 'Laki-laki', '', 1, '2015-10-29 00:00:00', '0000-00-00 00:00:00', '89', 0, 144),
(90, 'Novia Larosa', '12010110077', 'Perempuan', '', 1, '2015-10-29 00:00:00', '0000-00-00 00:00:00', '90', 0, 144),
(91, 'Nurochmah', '12010110078', 'Perempuan', '', 1, '2015-10-29 00:00:00', '0000-00-00 00:00:00', '91', 0, 144),
(92, 'Oktorinaldy Pandu', '12010110079', 'Laki-laki', '', 1, '2015-10-29 00:00:00', '0000-00-00 00:00:00', '92', 0, 144),
(93, 'Olan Octasari', '12010110080', 'Perempuan', '', 1, '2015-10-29 00:00:00', '0000-00-00 00:00:00', '93', 0, 144),
(94, 'Oryza Zafivani', '12010110081', 'Perempuan', '', 1, '2015-10-29 00:00:00', '0000-00-00 00:00:00', '94', 0, 144),
(95, 'Ramanda', '12010110089', 'Laki-laki', '', 1, '2015-10-29 00:00:00', '0000-00-00 00:00:00', '95', 0, 144),
(96, 'Rizky Rhomadhan', '12010110093', 'Laki-laki', '', 1, '2015-10-29 00:00:00', '0000-00-00 00:00:00', '96', 0, 144),
(97, 'Robiyanto', '12010110096', 'Laki-laki', '', 1, '2015-10-29 00:00:00', '0000-00-00 00:00:00', '97', 0, 144),
(98, 'Selly Irlianti', '12010110100', 'Perempuan', '', 1, '2015-10-29 00:00:00', '0000-00-00 00:00:00', '98', 0, 144),
(99, 'Septiana Eka Tiningsih', '12010110102', 'Perempuan', '', 1, '2015-10-29 00:00:00', '0000-00-00 00:00:00', '99', 0, 144),
(100, 'Siti Nurjanna', '12010110105', 'Perempuan', '', 1, '2015-10-29 00:00:00', '0000-00-00 00:00:00', '100', 0, 144),
(101, 'Suharno', '12010110109', 'Laki-laki', '', 1, '2015-10-29 00:00:00', '0000-00-00 00:00:00', '101', 0, 144),
(102, 'Syendy Ersha', '12010110110', 'Perempuan', '', 1, '2015-10-29 00:00:00', '0000-00-00 00:00:00', '102', 0, 144),
(103, 'Tri Handayani', '12010110114', 'Perempuan', '', 1, '2015-10-29 00:00:00', '0000-00-00 00:00:00', '103', 0, 144),
(104, 'Weddy Pratama', '12010110117', 'Laki-laki', '', 1, '2015-10-29 00:00:00', '0000-00-00 00:00:00', '104', 0, 144),
(105, 'Yogy Pratama', '12010110121', 'Laki-laki', '', 1, '2015-10-29 00:00:00', '0000-00-00 00:00:00', '105', 0, 144),
(106, 'Yolanda', '12010110123', 'Perempuan', '', 1, '2015-10-29 00:00:00', '0000-00-00 00:00:00', '106', 0, 144),
(107, 'Muhammad Iqbal Perdana', '12010110142', 'Laki-laki', '', 1, '2015-10-29 00:00:00', '0000-00-00 00:00:00', '107', 0, 144),
(108, 'Alfian Oktorica', '12010110143', 'Laki-laki', '', 1, '2015-10-29 00:00:00', '0000-00-00 00:00:00', '108', 0, 144),
(109, 'Martha Suryadinata', '12010110144', 'Laki-laki', '', 1, '2015-10-29 00:00:00', '0000-00-00 00:00:00', '109', 0, 144),
(110, 'Atika Sari', '12010210007', 'Perempuan', '', 1, '2015-10-29 00:00:00', '0000-00-00 00:00:00', '110', 0, 144),
(111, 'Fahri', '12010210027', 'Laki-laki', '', 1, '2015-10-29 00:00:00', '0000-00-00 00:00:00', '111', 0, 144),
(112, 'Firgian Kusuma Putra', '12010210028', 'Laki-laki', '', 1, '2015-10-29 00:00:00', '0000-00-00 00:00:00', '112', 0, 144),
(113, 'Herlinda Puspita Sari', '12010210036', 'Perempuan', '', 1, '2015-10-29 00:00:00', '0000-00-00 00:00:00', '113', 0, 144),
(114, 'Intama', '12010210041', 'Perempuan', '', 1, '2015-10-29 00:00:00', '0000-00-00 00:00:00', '114', 0, 144),
(115, 'Intan Maulani', '12010210043', 'Perempuan', '', 1, '2015-10-29 00:00:00', '0000-00-00 00:00:00', '115', 0, 144),
(116, 'Priska Yuninda', '12010210078', 'Perempuan', '', 1, '2015-10-29 00:00:00', '0000-00-00 00:00:00', '116', 0, 144),
(117, 'Rion Danusatyo', '12010210086', 'Laki-laki', '', 1, '2015-10-29 00:00:00', '0000-00-00 00:00:00', '117', 0, 144),
(118, 'Adi', '12010310001', 'Laki-laki', '', 1, '2015-10-29 00:00:00', '0000-00-00 00:00:00', '118', 0, 144),
(119, 'Agus Saputra', '12010310002', 'Laki-laki', '', 1, '2015-10-29 00:00:00', '0000-00-00 00:00:00', '119', 0, 144),
(120, 'Alperu', '12010310006', 'Laki-laki', '', 1, '2015-10-29 00:00:00', '0000-00-00 00:00:00', '120', 0, 144),
(121, 'Alvi Nur Sucyan', '12010310007', 'Laki-laki', '', 1, '2015-10-29 00:00:00', '0000-00-00 00:00:00', '121', 0, 144),
(122, 'Amilia', '12010310008', 'Perempuan', '', 1, '2015-10-29 00:00:00', '0000-00-00 00:00:00', '122', 0, 144),
(123, 'Aprilita', '12010310012', 'Perempuan', '', 1, '2015-10-29 00:00:00', '0000-00-00 00:00:00', '123', 0, 144),
(124, 'Aryogi', '12010310014', 'Laki-laki', '', 1, '2015-10-29 00:00:00', '0000-00-00 00:00:00', '124', 0, 144),
(125, 'Budi Setiawan', '12010310018', 'Laki-laki', '', 1, '2015-10-29 00:00:00', '0000-00-00 00:00:00', '125', 0, 144),
(126, 'Deka Purnama Sari', '12010310022', 'Perempuan', '', 1, '2015-10-29 00:00:00', '0000-00-00 00:00:00', '126', 0, 144),
(127, 'Dika Putra Jaya', '12010310024', 'Laki-laki', '', 1, '2015-10-29 00:00:00', '0000-00-00 00:00:00', '127', 0, 144),
(128, 'Dodi', '12010310025', 'Laki-laki', '', 1, '2015-10-29 00:00:00', '0000-00-00 00:00:00', '128', 0, 144),
(129, 'Dwi Indryani', '12010310027', 'Perempuan', '', 1, '2015-10-29 00:00:00', '0000-00-00 00:00:00', '129', 0, 144),
(130, 'Elen Lukita', '12010310030', 'Perempuan', '', 1, '2015-10-29 00:00:00', '0000-00-00 00:00:00', '130', 0, 144),
(131, 'Erika Nirwana Putri', '12010310033', 'Perempuan', '', 1, '2015-10-29 00:00:00', '0000-00-00 00:00:00', '131', 0, 144),
(132, 'Erni Siska', '12010310034', 'Perempuan', '', 1, '2015-10-29 00:00:00', '0000-00-00 00:00:00', '132', 0, 144),
(133, 'Febrianto', '12010310035', 'Laki-laki', '', 1, '2015-10-29 00:00:00', '0000-00-00 00:00:00', '133', 0, 144),
(134, 'Fenti Erisandi', '12010310036', 'Perempuan', '', 1, '2015-10-29 00:00:00', '0000-00-00 00:00:00', '134', 0, 144),
(135, 'Fitriani Pazarah', '12010310038', 'Perempuan', '', 1, '2015-10-29 00:00:00', '0000-00-00 00:00:00', '135', 0, 144),
(136, 'Framanto', '12010310039', 'Laki-laki', '', 1, '2015-10-29 00:00:00', '0000-00-00 00:00:00', '136', 0, 144),
(137, 'Hendy Halyadi', '12010310041', 'Laki-laki', '', 1, '2015-10-29 00:00:00', '0000-00-00 00:00:00', '137', 0, 144),
(138, 'Ilda Fitriani', '12010310043', 'Perempuan', '', 1, '2015-10-29 00:00:00', '0000-00-00 00:00:00', '138', 0, 144),
(139, 'Johar Mahardi', '12010310048', 'Laki-laki', '', 1, '2015-10-29 00:00:00', '0000-00-00 00:00:00', '139', 0, 144),
(140, 'Muhamat Saiful Amin', '12010310063', 'Laki-laki', '', 1, '2015-10-29 00:00:00', '0000-00-00 00:00:00', '140', 0, 144),
(141, 'Nunun Daradjatun', '12010310072', 'Perempuan', '', 1, '2015-10-29 00:00:00', '0000-00-00 00:00:00', '141', 0, 144),
(142, 'Odi Razendi', '12010310073', 'Laki-laki', '', 1, '2015-10-29 00:00:00', '0000-00-00 00:00:00', '142', 0, 144),
(143, 'Ogi Praditama', '12010310074', 'Laki-laki', '', 1, '2015-10-29 00:00:00', '0000-00-00 00:00:00', '143', 0, 144),
(144, 'Oktarika Trissiana', '12010310075', 'Perempuan', '', 1, '2015-10-29 00:00:00', '0000-00-00 00:00:00', '144', 0, 144),
(145, 'Rendy Anugrah Pratama', '12010310085', 'Laki-laki', '', 1, '2015-10-29 00:00:00', '0000-00-00 00:00:00', '145', 0, 144),
(146, 'Risnaela', '12010310086', 'Perempuan', '', 1, '2015-10-29 00:00:00', '0000-00-00 00:00:00', '146', 0, 144),
(147, 'Robiansyah', '12010310088', 'Laki-laki', '', 1, '2015-10-29 00:00:00', '0000-00-00 00:00:00', '147', 0, 144),
(148, 'Rusli', '12010310090', 'Laki-laki', '', 1, '2015-10-29 00:00:00', '0000-00-00 00:00:00', '148', 0, 144),
(149, 'Satria', '12010310091', 'Perempuan', '', 1, '2015-10-29 00:00:00', '0000-00-00 00:00:00', '149', 0, 144),
(150, 'Syaiturjim', '12010310097', 'Laki-laki', '', 1, '2015-10-29 00:00:00', '0000-00-00 00:00:00', '150', 0, 144),
(151, 'Tatiana', '12010310098', 'Perempuan', '', 1, '2015-10-29 00:00:00', '0000-00-00 00:00:00', '151', 0, 144),
(152, 'Titi Mellyani', '12010310099', 'Perempuan', '', 1, '2015-10-29 00:00:00', '0000-00-00 00:00:00', '152', 0, 144),
(153, 'Ujang Andriana', '12010310101', 'Laki-laki', '', 1, '2015-10-29 00:00:00', '0000-00-00 00:00:00', '153', 0, 144),
(154, 'Yan Partawijaya', '12010310104', 'Laki-laki', '', 1, '2015-10-29 00:00:00', '0000-00-00 00:00:00', '154', 0, 144),
(155, 'Yanuar', '12010310105', 'Laki-laki', '', 1, '2015-10-29 00:00:00', '0000-00-00 00:00:00', '155', 0, 144),
(156, 'Yuli Pratama', '12010310110', 'Perempuan', '', 1, '2015-10-29 00:00:00', '0000-00-00 00:00:00', '156', 0, 144),
(157, 'Adi', '13010110023', 'Laki-laki', '', 1, '2015-10-29 00:00:00', '0000-00-00 00:00:00', '157', 0, 144),
(158, 'Alperu', '13010110024', 'Laki-laki', '', 1, '2015-10-29 00:00:00', '0000-00-00 00:00:00', '158', 0, 144),
(159, 'Alvi Nur Sucyan', '13010110025', 'Laki-laki', '', 1, '2015-10-29 00:00:00', '0000-00-00 00:00:00', '159', 0, 144),
(160, 'Amilia', '13010110026', 'Perempuan', '', 1, '2015-10-29 00:00:00', '0000-00-00 00:00:00', '160', 0, 144),
(161, 'Aprilita', '13010110027', 'Perempuan', '', 1, '2015-10-29 00:00:00', '0000-00-00 00:00:00', '161', 0, 144),
(162, 'Budi Setiawan', '13010110028', 'Laki-laki', '', 1, '2015-10-29 00:00:00', '0000-00-00 00:00:00', '162', 0, 144),
(163, 'Deka Purnama Sari', '13010110029', 'Perempuan', '', 1, '2015-10-29 00:00:00', '0000-00-00 00:00:00', '163', 0, 144),
(164, 'Dika Putra Jaya', '13010110030', 'Laki-laki', '', 1, '2015-10-29 00:00:00', '0000-00-00 00:00:00', '164', 0, 144),
(165, 'Dwi Indryani', '13010110031', 'Perempuan', '', 1, '2015-10-29 00:00:00', '0000-00-00 00:00:00', '165', 0, 144),
(166, 'Elen Lukita', '13010110032', 'Perempuan', '', 1, '2015-10-29 00:00:00', '0000-00-00 00:00:00', '166', 0, 144),
(167, 'Erika Nirwana Putri', '13010110033', 'Perempuan', '', 1, '2015-10-29 00:00:00', '0000-00-00 00:00:00', '167', 0, 144),
(168, 'Erni Siska', '13010110034', 'Perempuan', '', 1, '2015-10-29 00:00:00', '0000-00-00 00:00:00', '168', 0, 144),
(169, 'Febrianto', '13010110035', 'Laki-laki', '', 1, '2015-10-29 00:00:00', '0000-00-00 00:00:00', '169', 0, 144),
(170, 'Fitriani Pazarah', '13010110036', 'Perempuan', '', 1, '2015-10-29 00:00:00', '0000-00-00 00:00:00', '170', 0, 144),
(171, 'Hendy Halyadi', '13010110037', 'Laki-laki', '', 1, '2015-10-29 00:00:00', '0000-00-00 00:00:00', '171', 0, 144),
(172, 'Muhamat Saiful Amin', '13010110038', 'Laki-laki', '', 1, '2015-10-29 00:00:00', '0000-00-00 00:00:00', '172', 0, 144),
(173, 'Odi Razendi', '13010110039', 'Laki-laki', '', 1, '2015-10-29 00:00:00', '0000-00-00 00:00:00', '173', 0, 144),
(174, 'Oktarika Trissiana', '13010110040', 'Perempuan', '', 1, '2015-10-29 00:00:00', '0000-00-00 00:00:00', '174', 0, 144),
(175, 'Rendy Anugrah Pratama', '13010110041', 'Laki-laki', '', 1, '2015-10-29 00:00:00', '0000-00-00 00:00:00', '175', 0, 144),
(176, 'Risnaela', '13010110042', 'Perempuan', '', 1, '2015-10-29 00:00:00', '0000-00-00 00:00:00', '176', 0, 144),
(177, 'Robiansyah', '13010110043', 'Laki-laki', '', 1, '2015-10-29 00:00:00', '0000-00-00 00:00:00', '177', 0, 144),
(178, 'Rusli', '13010110044', 'Laki-laki', '', 1, '2015-10-29 00:00:00', '0000-00-00 00:00:00', '178', 0, 144),
(179, 'Satria', '13010110045', 'Perempuan', '', 1, '2015-10-29 00:00:00', '0000-00-00 00:00:00', '179', 0, 144),
(180, 'Titi Mellyani', '13010110046', 'Perempuan', '', 1, '2015-10-29 00:00:00', '0000-00-00 00:00:00', '180', 0, 144),
(181, 'Ujang Andriana', '13010110047', 'Laki-laki', '', 1, '2015-10-29 00:00:00', '0000-00-00 00:00:00', '181', 0, 144),
(182, 'Yan Partawijaya', '13010110048', 'Laki-laki', '', 1, '2015-10-29 00:00:00', '0000-00-00 00:00:00', '182', 0, 144),
(183, 'Yanuar', '13010110049', 'Laki-laki', '', 1, '2015-10-29 00:00:00', '0000-00-00 00:00:00', '183', 0, 144),
(184, 'Yuli Pratama', '13010110050', 'Perempuan', '', 1, '2015-10-29 00:00:00', '0000-00-00 00:00:00', '184', 0, 144),
(185, 'Agus Saputra', '13010210015', 'Laki-laki', '', 1, '2015-10-29 00:00:00', '0000-00-00 00:00:00', '185', 0, 144),
(186, 'Ilda Fitriani', '13010210016', 'Perempuan', '', 1, '2015-10-29 00:00:00', '0000-00-00 00:00:00', '186', 0, 144),
(187, 'Nunun Daradjatun', '13010210017', 'Perempuan', '', 1, '2015-10-29 00:00:00', '0000-00-00 00:00:00', '187', 0, 144),
(188, 'Ogi Praditama', '13010210018', 'Laki-laki', '', 1, '2015-10-29 00:00:00', '0000-00-00 00:00:00', '188', 0, 144),
(189, 'Syaiturjim', '13010210019', 'Laki-laki', '', 1, '2015-10-29 00:00:00', '0000-00-00 00:00:00', '189', 0, 144),
(190, 'Tatiana', '13010210020', 'Perempuan', '', 1, '2015-10-29 00:00:00', '0000-00-00 00:00:00', '190', 0, 144),
(191, 'Tatiana', '14010110101', 'Perempuan', '', 1, '2015-10-29 00:00:00', '0000-00-00 00:00:00', '191', 0, 144),
(192, 'Nunun Daradjatun', '14010110102', 'Perempuan', '', 1, '2015-10-29 00:00:00', '0000-00-00 00:00:00', '192', 0, 144),
(193, 'Syaiturjim', '14010110104', 'Laki-laki', '', 1, '2015-10-29 00:00:00', '0000-00-00 00:00:00', '193', 0, 144),
(194, 'Sisilia Maria Maspaitella', '13010110006', 'Perempuan', '', 1, '2015-10-29 00:00:00', '0000-00-00 00:00:00', '194', 0, 448),
(195, 'Timothy Imanuela Pattipeilohy', '13010110009', 'Perempuan', '', 1, '2015-10-29 00:00:00', '0000-00-00 00:00:00', '195', 0, 448),
(196, 'Ria Marllen Matahelumual', '13010110014', 'Perempuan', '', 1, '2015-10-29 00:00:00', '0000-00-00 00:00:00', '196', 0, 448),
(197, 'Sentia Malawauw', '13010110015', 'Perempuan', '', 1, '2015-10-29 00:00:00', '0000-00-00 00:00:00', '197', 0, 448),
(198, 'Rizaldy Kulle', '13010110017', 'Laki-laki', '', 1, '2015-10-29 00:00:00', '0000-00-00 00:00:00', '198', 0, 448),
(199, 'Monic Trully Haumahu', '13010210007', 'Perempuan', '', 1, '2015-10-29 00:00:00', '0000-00-00 00:00:00', '199', 0, 448),
(200, 'Elisabeth Alisia Oktavia', '13010210011', 'Perempuan', '', 1, '2015-10-29 00:00:00', '0000-00-00 00:00:00', '200', 0, 448),
(201, 'Nurussyfa Achsani Tuasamu', '13010210012', 'Perempuan', '', 1, '2015-10-29 00:00:00', '0000-00-00 00:00:00', '201', 0, 448),
(202, 'Oktovina Fransina Huwae', '13010210013', 'Perempuan', '', 1, '2015-10-29 00:00:00', '0000-00-00 00:00:00', '202', 0, 448),
(203, 'Nurlia Tuharea', '13010310009', 'Perempuan', '', 1, '2015-10-29 00:00:00', '0000-00-00 00:00:00', '203', 0, 448),
(204, 'Nasarudin Waulat', '13010310010', 'Laki-laki', '', 1, '2015-10-29 00:00:00', '0000-00-00 00:00:00', '204', 0, 448),
(205, 'Raja Juliyanto Kerinci', '13010310011', 'Laki-laki', '', 1, '2015-10-29 00:00:00', '0000-00-00 00:00:00', '205', 0, 448),
(206, 'Denti Vivi Emilia Nuban', '10010110006', 'Perempuan', '', 1, '2015-10-29 00:00:00', '0000-00-00 00:00:00', '206', 0, 290),
(207, 'Epriosan Orgianto Nenobahan', '10010110010', 'Laki-laki', '', 1, '2015-10-29 00:00:00', '0000-00-00 00:00:00', '207', 0, 290),
(208, 'Frengki Herison Bannesi', '10010110011', 'Laki-laki', '', 1, '2015-10-29 00:00:00', '0000-00-00 00:00:00', '208', 0, 290),
(209, 'Ingri Yorince Mariana Lalan', '10010110012', 'Perempuan', '', 1, '2015-10-29 00:00:00', '0000-00-00 00:00:00', '209', 0, 290),
(210, 'Limson Putislulut', '10010110015', 'Laki-laki', '', 1, '2015-10-29 00:00:00', '0000-00-00 00:00:00', '210', 0, 290),
(211, 'Maya Dorisna Paut', '10010110017', 'Perempuan', '', 1, '2015-10-29 00:00:00', '0000-00-00 00:00:00', '211', 0, 290),
(212, 'Paulinus Nifu', '10010110027', 'Laki-laki', '', 1, '2015-10-29 00:00:00', '0000-00-00 00:00:00', '212', 0, 290),
(213, 'Rusli Permi Dafid Kolnel', '10010110030', 'Laki-laki', '', 1, '2015-10-29 00:00:00', '0000-00-00 00:00:00', '213', 0, 290),
(214, 'Yanti Nenobahan', '10010110043', 'Perempuan', '', 1, '2015-10-29 00:00:00', '0000-00-00 00:00:00', '214', 0, 290),
(215, 'Yermias Ibrahim Tamoes', '10010110046', 'Laki-laki', '', 1, '2015-10-29 00:00:00', '0000-00-00 00:00:00', '215', 0, 290),
(216, 'Eka Sibyana Almil', '10010210009', 'Perempuan', '', 1, '2015-10-29 00:00:00', '0000-00-00 00:00:00', '216', 0, 290),
(217, 'Marwinda Koen', '10010210019', 'Perempuan', '', 1, '2015-10-29 00:00:00', '0000-00-00 00:00:00', '217', 0, 290),
(218, 'Yosep Lefinus Lelis', '10010210033', 'Laki-laki', '', 1, '2015-10-29 00:00:00', '0000-00-00 00:00:00', '218', 0, 290),
(219, 'Desmi Nurvita Juita Oemanu', '10010310007', 'Perempuan', '', 1, '2015-10-29 00:00:00', '0000-00-00 00:00:00', '219', 0, 290),
(220, 'Hermanus Totos', '10010310014', 'Laki-laki', '', 1, '2015-10-29 00:00:00', '0000-00-00 00:00:00', '220', 0, 290),
(221, 'Jeki Apris Oemanu', '10010310016', 'Laki-laki', '', 1, '2015-10-29 00:00:00', '0000-00-00 00:00:00', '221', 0, 290),
(222, 'Pamly Yeferson Babu', '10010310020', 'Laki-laki', '', 1, '2015-10-29 00:00:00', '0000-00-00 00:00:00', '222', 0, 290),
(223, 'Sepri Mikson Lake', '10010310022', 'Laki-laki', '', 1, '2015-10-29 00:00:00', '0000-00-00 00:00:00', '223', 0, 290),
(224, 'Yandri Pono', '10010310024', 'Laki-laki', '', 1, '2015-10-29 00:00:00', '0000-00-00 00:00:00', '224', 0, 290),
(225, 'Yandrikus Nomate', '10010310025', 'Laki-laki', '', 1, '2015-10-29 00:00:00', '0000-00-00 00:00:00', '225', 0, 290),
(226, 'Apriyani Lasena', '11010110007', 'Perempuan', '', 1, '2015-10-29 00:00:00', '0000-00-00 00:00:00', '226', 0, 290),
(227, 'Arisanci Nifu', '11010110008', 'Perempuan', '', 1, '2015-10-29 00:00:00', '0000-00-00 00:00:00', '227', 0, 290),
(228, 'Beci Sarlince Finit', '11010110010', 'Perempuan', '', 1, '2015-10-29 00:00:00', '0000-00-00 00:00:00', '228', 0, 290),
(229, 'Deby Susanti Ballo', '11010110015', 'Perempuan', '', 1, '2015-10-29 00:00:00', '0000-00-00 00:00:00', '229', 0, 290),
(230, 'Efriyanti Rosita Pong', '11010110019', 'Perempuan', '', 1, '2015-10-29 00:00:00', '0000-00-00 00:00:00', '230', 0, 290),
(231, 'Erni Adriana Mona', '11010110023', 'Perempuan', '', 1, '2015-10-29 00:00:00', '0000-00-00 00:00:00', '231', 0, 290),
(232, 'Frengki Y.K Foni', '11010110028', 'Laki-laki', '', 1, '2015-10-29 00:00:00', '0000-00-00 00:00:00', '232', 0, 290),
(233, 'Handi Yudi Triyadi Bengkiuk', '11010110029', 'Laki-laki', '', 1, '2015-10-29 00:00:00', '0000-00-00 00:00:00', '233', 0, 290),
(234, 'Jefrid Taimenas', '11010110037', 'Laki-laki', '', 1, '2015-10-29 00:00:00', '0000-00-00 00:00:00', '234', 0, 290),
(235, 'John Hendry Tafui', '11010110038', 'Laki-laki', '', 1, '2015-10-29 00:00:00', '0000-00-00 00:00:00', '235', 0, 290),
(236, 'Linda Hermiyati Tame', '11010110046', 'Perempuan', '', 1, '2015-10-29 00:00:00', '0000-00-00 00:00:00', '236', 0, 290),
(237, 'Marce Laidat', '11010110048', 'Perempuan', '', 1, '2015-10-29 00:00:00', '0000-00-00 00:00:00', '237', 0, 290),
(238, 'Marce Oktaviana Pong', '11010110049', 'Perempuan', '', 1, '2015-10-29 00:00:00', '0000-00-00 00:00:00', '238', 0, 290),
(239, 'Mentus Dusmin Abraham Kofi', '11010110052', 'Laki-laki', '', 1, '2015-10-29 00:00:00', '0000-00-00 00:00:00', '239', 0, 290),
(240, 'Merry Chrismis Panab', '11010110053', 'Perempuan', '', 1, '2015-10-29 00:00:00', '0000-00-00 00:00:00', '240', 0, 290),
(241, 'Mesri Yahya Baitanu', '11010110054', 'Laki-laki', '', 1, '2015-10-29 00:00:00', '0000-00-00 00:00:00', '241', 0, 290),
(242, 'Nolfiana Kelin', '11010110060', 'Perempuan', '', 1, '2015-10-29 00:00:00', '0000-00-00 00:00:00', '242', 0, 290),
(243, 'Nonci Nenderina Olbata', '11010110061', 'Perempuan', '', 1, '2015-10-29 00:00:00', '0000-00-00 00:00:00', '243', 0, 290),
(244, 'Orsen Jemweles Naid Juf', '11010110065', 'Laki-laki', '', 1, '2015-10-29 00:00:00', '0000-00-00 00:00:00', '244', 0, 290),
(245, 'Rohama Gratia Ora', '11010110071', 'Perempuan', '', 1, '2015-10-29 00:00:00', '0000-00-00 00:00:00', '245', 0, 290),
(246, 'Ruth Nepa Makasar', '11010110072', 'Perempuan', '', 1, '2015-10-29 00:00:00', '0000-00-00 00:00:00', '246', 0, 290),
(247, 'Sepriandri H.I Alle', '11010110073', 'Laki-laki', '', 1, '2015-10-29 00:00:00', '0000-00-00 00:00:00', '247', 0, 290),
(248, 'Welem Stefanus Affi', '11010110087', 'Laki-laki', '', 1, '2015-10-29 00:00:00', '0000-00-00 00:00:00', '248', 0, 290),
(249, 'Yandri Yusmiaty Fanggidae', '11010110092', 'Perempuan', '', 1, '2015-10-29 00:00:00', '0000-00-00 00:00:00', '249', 0, 290),
(250, 'Yayuk Rutiningsih Tiran', '11010110094', 'Perempuan', '', 1, '2015-10-29 00:00:00', '0000-00-00 00:00:00', '250', 0, 290),
(251, 'Yohanes Kristorani Turu', '11010110098', 'Laki-laki', '', 1, '2015-10-29 00:00:00', '0000-00-00 00:00:00', '251', 0, 290),
(252, 'Zet Tikan', '11010110103', 'Laki-laki', '', 1, '2015-10-29 00:00:00', '0000-00-00 00:00:00', '252', 0, 290),
(253, 'Ardes S. Nenobahan', '11010210004', 'Laki-laki', '', 1, '2015-10-29 00:00:00', '0000-00-00 00:00:00', '253', 0, 290),
(254, 'Ardi Adipapa Takmanu', '11010210005', 'Laki-laki', '', 1, '2015-10-29 00:00:00', '0000-00-00 00:00:00', '254', 0, 290),
(255, 'Asiadora A.E. Pereira', '11010210006', 'Perempuan', '', 1, '2015-10-29 00:00:00', '0000-00-00 00:00:00', '255', 0, 290),
(256, 'Davidzon Baitanu', '11010210007', 'Laki-laki', '', 1, '2015-10-29 00:00:00', '0000-00-00 00:00:00', '256', 0, 290),
(257, 'Dedy Adrianus Bilaut', '11010210008', 'Laki-laki', '', 1, '2015-10-29 00:00:00', '0000-00-00 00:00:00', '257', 0, 290),
(258, 'Dedy Aserio Hubena', '11010210009', 'Laki-laki', '', 1, '2015-10-29 00:00:00', '0000-00-00 00:00:00', '258', 0, 290),
(259, 'Defiyanti Tanau', '11010210010', 'Perempuan', '', 1, '2015-10-29 00:00:00', '0000-00-00 00:00:00', '259', 0, 290),
(260, 'Dessi Elisabeth Niab', '11010210012', 'Perempuan', '', 1, '2015-10-29 00:00:00', '0000-00-00 00:00:00', '260', 0, 290),
(261, 'Edon Arnando Loit', '11010210014', 'Laki-laki', '', 1, '2015-10-29 00:00:00', '0000-00-00 00:00:00', '261', 0, 290),
(262, 'Elni Lidia Teuf', '11010210017', 'Perempuan', '', 1, '2015-10-29 00:00:00', '0000-00-00 00:00:00', '262', 0, 290),
(263, 'Elwan Jeleston Djumetan', '11010210018', 'Laki-laki', '', 1, '2015-10-29 00:00:00', '0000-00-00 00:00:00', '263', 0, 290),
(264, 'Epi Elisa Lasy', '11010210021', 'Perempuan', '', 1, '2015-10-29 00:00:00', '0000-00-00 00:00:00', '264', 0, 290),
(265, 'Ewasda Normi Tameses', '11010210023', 'Perempuan', '', 1, '2015-10-29 00:00:00', '0000-00-00 00:00:00', '265', 0, 290),
(266, 'Feby Rosanti Naioes', '11010210024', 'Perempuan', '', 1, '2015-10-29 00:00:00', '0000-00-00 00:00:00', '266', 0, 290),
(267, 'Felsha Febriasnita Subu Taopan', '11010210025', 'Perempuan', '', 1, '2015-10-29 00:00:00', '0000-00-00 00:00:00', '267', 0, 290),
(268, 'Jenniver Tricinta Fransina Tunga', '11010210032', 'Perempuan', '', 1, '2015-10-29 00:00:00', '0000-00-00 00:00:00', '268', 0, 290),
(269, 'Maria De Fatima Dos Santos', '11010210036', 'Perempuan', '', 1, '2015-10-29 00:00:00', '0000-00-00 00:00:00', '269', 0, 290),
(270, 'Mexsi Yanres Runesi', '11010210038', 'Laki-laki', '', 1, '2015-10-29 00:00:00', '0000-00-00 00:00:00', '270', 0, 290),
(271, 'Oktoviana Batfanu', '11010210041', 'Perempuan', '', 1, '2015-10-29 00:00:00', '0000-00-00 00:00:00', '271', 0, 290),
(272, 'Pem Eki', '11010210044', 'Laki-laki', '', 1, '2015-10-29 00:00:00', '0000-00-00 00:00:00', '272', 0, 290),
(273, 'Ratna Sufrida Haof', '11010210045', 'Perempuan', '', 1, '2015-10-29 00:00:00', '0000-00-00 00:00:00', '273', 0, 290),
(274, 'Retno M.Lesso', '11010210046', 'Perempuan', '', 1, '2015-10-29 00:00:00', '0000-00-00 00:00:00', '274', 0, 290),
(275, 'Rinovat Tamoes', '11010210047', 'Laki-laki', '', 1, '2015-10-29 00:00:00', '0000-00-00 00:00:00', '275', 0, 290),
(276, 'Rosa Yusmina Atto', '11010210048', 'Perempuan', '', 1, '2015-10-29 00:00:00', '0000-00-00 00:00:00', '276', 0, 290),
(277, 'Rosalinda Stheylani Sakbana', '11010210049', 'Perempuan', '', 1, '2015-10-29 00:00:00', '0000-00-00 00:00:00', '277', 0, 290),
(278, 'Rosiana Nomeni', '11010210050', 'Perempuan', '', 1, '2015-10-29 00:00:00', '0000-00-00 00:00:00', '278', 0, 290),
(279, 'Ruhama Robina Mataubenu', '11010210052', 'Perempuan', '', 1, '2015-10-29 00:00:00', '0000-00-00 00:00:00', '279', 0, 290),
(280, 'Vemy Noprintan Benu', '11010210058', 'Perempuan', '', 1, '2015-10-29 00:00:00', '0000-00-00 00:00:00', '280', 0, 290),
(281, 'Viktoria Sigisma B. Effi', '11010210059', 'Perempuan', '', 1, '2015-10-29 00:00:00', '0000-00-00 00:00:00', '281', 0, 290),
(282, 'Welmi Adresy Yuratni Malik', '11010210063', 'Perempuan', '', 1, '2015-10-29 00:00:00', '0000-00-00 00:00:00', '282', 0, 290),
(283, 'Yeris Demitrius Niab', '11010210068', 'Laki-laki', '', 1, '2015-10-29 00:00:00', '0000-00-00 00:00:00', '283', 0, 290),
(284, 'Yetri Tefbana', '11010210070', 'Perempuan', '', 1, '2015-10-29 00:00:00', '0000-00-00 00:00:00', '284', 0, 290),
(285, 'Zet Amoldat Ndii', '11010210072', 'Laki-laki', '', 1, '2015-10-29 00:00:00', '0000-00-00 00:00:00', '285', 0, 290),
(286, 'Gayatri Lipetnia Bait', '11010210073', 'Perempuan', '', 1, '2015-10-29 00:00:00', '0000-00-00 00:00:00', '286', 0, 290),
(287, 'Amos Tapatab', '11010310002', 'Laki-laki', '', 1, '2015-10-29 00:00:00', '0000-00-00 00:00:00', '287', 0, 290),
(288, 'Asmi Yefrita Tafui', '11010310004', 'Perempuan', '', 1, '2015-10-29 00:00:00', '0000-00-00 00:00:00', '288', 0, 290),
(289, 'Demi Yanward Naioes', '11010310008', 'Laki-laki', '', 1, '2015-10-29 00:00:00', '0000-00-00 00:00:00', '289', 0, 290),
(290, 'Desri Marliandres Saebesi', '11010310009', 'Laki-laki', '', 1, '2015-10-29 00:00:00', '0000-00-00 00:00:00', '290', 0, 290),
(291, 'Dominggus Vriadi Almanzon Nggelan', '11010310011', 'Laki-laki', '', 1, '2015-10-29 00:00:00', '0000-00-00 00:00:00', '291', 0, 290),
(292, 'Erwin Benidik Tustak', '11010310015', 'Laki-laki', '', 1, '2015-10-29 00:00:00', '0000-00-00 00:00:00', '292', 0, 290),
(293, 'Freds Eduard. Tanu', '11010310019', 'Laki-laki', '', 1, '2015-10-29 00:00:00', '0000-00-00 00:00:00', '293', 0, 290),
(294, 'Isai Godlif Munah', '11010310026', 'Laki-laki', '', 1, '2015-10-29 00:00:00', '0000-00-00 00:00:00', '294', 0, 290),
(295, 'Jemi Heri Yanto Kadek', '11010310027', 'Laki-laki', '', 1, '2015-10-29 00:00:00', '0000-00-00 00:00:00', '295', 0, 290),
(296, 'Lefinus Lake', '11010310029', 'Laki-laki', '', 1, '2015-10-29 00:00:00', '0000-00-00 00:00:00', '296', 0, 290),
(297, 'Markus Balabi', '11010310031', 'Laki-laki', '', 1, '2015-10-29 00:00:00', '0000-00-00 00:00:00', '297', 0, 290),
(298, 'Marleni Rotelta', '11010310033', 'Perempuan', '', 1, '2015-10-29 00:00:00', '0000-00-00 00:00:00', '298', 0, 290),
(299, 'Marsen Nomleni', '11010310034', 'Laki-laki', '', 1, '2015-10-29 00:00:00', '0000-00-00 00:00:00', '299', 0, 290),
(300, 'Melky Soleman Lake', '11010310035', 'Laki-laki', '', 1, '2015-10-29 00:00:00', '0000-00-00 00:00:00', '300', 0, 290),
(301, 'Melni Nalle', '11010310036', 'Perempuan', '', 1, '2015-10-29 00:00:00', '0000-00-00 00:00:00', '301', 0, 290),
(302, 'Novi Kartiniawati Ratu', '11010310042', 'Perempuan', '', 1, '2015-10-29 00:00:00', '0000-00-00 00:00:00', '302', 0, 290),
(303, 'Paschalia Enjelina Suan', '11010310043', 'Perempuan', '', 1, '2015-10-29 00:00:00', '0000-00-00 00:00:00', '303', 0, 290),
(304, 'Ratna Marlin Pahnael', '11010310048', 'Perempuan', '', 1, '2015-10-29 00:00:00', '0000-00-00 00:00:00', '304', 0, 290),
(305, 'Seften Djahotner Saebesi', '11010310050', 'Laki-laki', '', 1, '2015-10-29 00:00:00', '0000-00-00 00:00:00', '305', 0, 290),
(306, 'Serafina Soares', '11010310051', 'Perempuan', '', 1, '2015-10-29 00:00:00', '0000-00-00 00:00:00', '306', 0, 290),
(307, 'Simson Baitanu', '11010310055', 'Laki-laki', '', 1, '2015-10-29 00:00:00', '0000-00-00 00:00:00', '307', 0, 290),
(308, 'Voni Ursula Perputua Niuflapu', '11010310058', 'Perempuan', '', 1, '2015-10-29 00:00:00', '0000-00-00 00:00:00', '308', 0, 290),
(309, 'Yane Selfina Nenobais', '11010310061', 'Perempuan', '', 1, '2015-10-29 00:00:00', '0000-00-00 00:00:00', '309', 0, 290),
(310, 'Yedionita Ronel Yulen Ton', '11010310063', 'Perempuan', '', 1, '2015-10-29 00:00:00', '0000-00-00 00:00:00', '310', 0, 290),
(311, 'Yonathan Manase Kones', '11010310068', 'Laki-laki', '', 1, '2015-10-29 00:00:00', '0000-00-00 00:00:00', '311', 0, 290),
(312, 'Yosua Sae', '11010310069', 'Laki-laki', '', 1, '2015-10-29 00:00:00', '0000-00-00 00:00:00', '312', 0, 290),
(313, 'Viktor Malafu', '11010310073', 'Laki-laki', '', 1, '2015-10-29 00:00:00', '0000-00-00 00:00:00', '313', 0, 290),
(314, 'Wagena Waker', '11010210061', 'Perempuan', '', 1, '2015-10-29 00:00:00', '0000-00-00 00:00:00', '314', 0, 489),
(315, 'Aloysius Natalis Ajowembun', '12010110007', 'Laki-laki', '', 1, '2015-10-29 00:00:00', '0000-00-00 00:00:00', '315', 0, 489),
(316, 'Astria Fitriyani Aropa', '12010110015', 'Perempuan', '', 1, '2015-10-29 00:00:00', '0000-00-00 00:00:00', '316', 0, 489),
(317, 'Desi Prastika Wulandari', '12010110030', 'Perempuan', '', 1, '2015-10-29 00:00:00', '0000-00-00 00:00:00', '317', 0, 489),
(318, 'Falenthino Sampouw', '12010110038', 'Laki-laki', '', 1, '2015-10-29 00:00:00', '0000-00-00 00:00:00', '318', 0, 489),
(319, 'Firman', '12010110039', 'Laki-laki', '', 1, '2015-10-29 00:00:00', '0000-00-00 00:00:00', '319', 0, 489),
(320, 'Gilbert Fenetiruma', '12010110040', 'Laki-laki', '', 1, '2015-10-29 00:00:00', '0000-00-00 00:00:00', '320', 0, 489),
(321, 'Hamisa  Ameth', '12010110041', 'Perempuan', '', 1, '2015-10-29 00:00:00', '0000-00-00 00:00:00', '321', 0, 489),
(322, 'Indra Noviana Fadilah Hassannoesi', '12010110048', 'Perempuan', '', 1, '2015-10-29 00:00:00', '0000-00-00 00:00:00', '322', 0, 489),
(323, 'Nofrianti', '12010110073', 'Perempuan', '', 1, '2015-10-29 00:00:00', '0000-00-00 00:00:00', '323', 0, 489),
(324, 'Roberto Michael Lefteuw', '12010110095', 'Laki-laki', '', 1, '2015-10-29 00:00:00', '0000-00-00 00:00:00', '324', 0, 489),
(325, 'Seblon Flawrido F Warinussy', '12010110099', 'Laki-laki', '', 1, '2015-10-29 00:00:00', '0000-00-00 00:00:00', '325', 0, 489),
(326, 'Yohan Godlif Wanasira', '12010110122', 'Laki-laki', '', 1, '2015-10-29 00:00:00', '0000-00-00 00:00:00', '326', 0, 489),
(327, 'Rahayu Sudirman', '12010110146', 'Perempuan', '', 1, '2015-10-29 00:00:00', '0000-00-00 00:00:00', '327', 0, 489),
(328, 'Maria Katarina Lamawuran', '12010110147', 'Perempuan', '', 1, '2015-10-29 00:00:00', '0000-00-00 00:00:00', '328', 0, 489),
(329, 'Achmad Syarif Abdullah', '12010210001', 'Laki-laki', '', 1, '2015-10-29 00:00:00', '0000-00-00 00:00:00', '329', 0, 489),
(330, 'Guslan', '12010210032', 'Laki-laki', '', 1, '2015-10-29 00:00:00', '0000-00-00 00:00:00', '330', 0, 489),
(331, 'Hamzah Kadir', '12010210034', 'Laki-laki', '', 1, '2015-10-29 00:00:00', '0000-00-00 00:00:00', '331', 0, 489),
(332, 'Kristi', '12010210045', 'Perempuan', '', 1, '2015-10-29 00:00:00', '0000-00-00 00:00:00', '332', 0, 489),
(333, 'Margie Dayana Francis Hilewe', '12010210052', 'Perempuan', '', 1, '2015-10-29 00:00:00', '0000-00-00 00:00:00', '333', 0, 489),
(334, 'Maryati Djamaludin', '12010210055', 'Perempuan', '', 1, '2015-10-29 00:00:00', '0000-00-00 00:00:00', '334', 0, 489),
(335, 'Elisabeth Resbal', '12010310031', 'Perempuan', '', 1, '2015-10-29 00:00:00', '0000-00-00 00:00:00', '335', 0, 489),
(336, 'Ni Luh Yuliasih', '12010310070', 'Perempuan', '', 1, '2015-10-29 00:00:00', '0000-00-00 00:00:00', '336', 0, 489),
(337, 'Padli Pical', '12010310077', 'Laki-laki', '', 1, '2015-10-29 00:00:00', '0000-00-00 00:00:00', '337', 0, 489),
(338, 'Randi Andan Supriyadi', '12010310083', 'Laki-laki', '', 1, '2015-10-29 00:00:00', '0000-00-00 00:00:00', '338', 0, 489),
(339, 'Zohri Lakutani', '12010310115', 'Laki-laki', '', 1, '2015-10-29 00:00:00', '0000-00-00 00:00:00', '339', 0, 489),
(340, 'Aleks Ibori', '14010110001', 'Laki-laki', '', 1, '2015-10-29 00:00:00', '0000-00-00 00:00:00', '340', 0, 488),
(341, 'Berselina Saiba', '14010110004', 'Perempuan', '', 1, '2015-10-29 00:00:00', '0000-00-00 00:00:00', '341', 0, 488),
(342, 'Clarissa Sariani Toban', '14010110005', 'Perempuan', '', 1, '2015-10-29 00:00:00', '0000-00-00 00:00:00', '342', 0, 488),
(343, 'Dian Nissi Samori', '14010110007', 'Perempuan', '', 1, '2015-10-29 00:00:00', '0000-00-00 00:00:00', '343', 0, 488),
(344, 'Didimus Tirirbo', '14010110008', 'Laki-laki', '', 1, '2015-10-29 00:00:00', '0000-00-00 00:00:00', '344', 0, 488),
(345, 'Elisa Inden', '14010110009', 'Laki-laki', '', 1, '2015-10-29 00:00:00', '0000-00-00 00:00:00', '345', 0, 488),
(346, 'Emius Saroy', '14010110011', 'Laki-laki', '', 1, '2015-10-29 00:00:00', '0000-00-00 00:00:00', '346', 0, 488),
(347, 'Ibrahim Daugbu', '14010110013', 'Laki-laki', '', 1, '2015-10-29 00:00:00', '0000-00-00 00:00:00', '347', 0, 488),
(348, 'Jermina Dowansiba', '14010110014', 'Perempuan', '', 1, '2015-10-29 00:00:00', '0000-00-00 00:00:00', '348', 0, 488),
(349, 'Rosita Ahoren', '14010110021', 'Perempuan', '', 1, '2015-10-29 00:00:00', '0000-00-00 00:00:00', '349', 0, 488),
(350, 'Yulyana Mandacan', '14010210013', 'Perempuan', '', 1, '2015-10-29 00:00:00', '0000-00-00 00:00:00', '350', 0, 488),
(351, 'Edison Ullo', '14010310001', 'Laki-laki', '', 1, '2015-10-29 00:00:00', '0000-00-00 00:00:00', '351', 0, 488),
(352, 'Exodus Ekah Parulian Paisey Simanjuntak', '14010310002', 'Laki-laki', '', 1, '2015-10-29 00:00:00', '0000-00-00 00:00:00', '352', 0, 488),
(353, 'Ida Saiba', '14010310003', 'Perempuan', '', 1, '2015-10-29 00:00:00', '0000-00-00 00:00:00', '353', 0, 488),
(354, 'Jhon Maikel Derebi', '14010310004', 'Laki-laki', '', 1, '2015-10-29 00:00:00', '0000-00-00 00:00:00', '354', 0, 488),
(355, 'Michael Ullo', '14010310005', 'Laki-laki', '', 1, '2015-10-29 00:00:00', '0000-00-00 00:00:00', '355', 0, 488),
(356, 'Nahor Wonggor', '14010310006', 'Laki-laki', '', 1, '2015-10-29 00:00:00', '0000-00-00 00:00:00', '356', 0, 488),
(357, 'Novita Yainggwei Dowansiba', '14010310007', 'Perempuan', '', 1, '2015-10-29 00:00:00', '0000-00-00 00:00:00', '357', 0, 488),
(358, 'Petrus A Manuputty', '14010310008', 'Laki-laki', '', 1, '2015-10-29 00:00:00', '0000-00-00 00:00:00', '358', 0, 488),
(359, 'Poliman Saiba', '14010310009', 'Laki-laki', '', 1, '2015-10-29 00:00:00', '0000-00-00 00:00:00', '359', 0, 488),
(360, 'Septinus Ahoren', '14010310010', 'Laki-laki', '', 1, '2015-10-29 00:00:00', '0000-00-00 00:00:00', '360', 0, 488),
(361, 'Sius Warpandu', '14010310011', 'Laki-laki', '', 1, '2015-10-29 00:00:00', '0000-00-00 00:00:00', '361', 0, 488),
(362, 'Sri Ayu Puspita Sari', '14010310012', 'Perempuan', '', 1, '2015-10-29 00:00:00', '0000-00-00 00:00:00', '362', 0, 488),
(363, 'Yakobus Ullo', '14010310013', 'Laki-laki', '', 1, '2015-10-29 00:00:00', '0000-00-00 00:00:00', '363', 0, 488),
(364, 'Yesman Bosinya', '14010310014', 'Laki-laki', '', 1, '2015-10-29 00:00:00', '0000-00-00 00:00:00', '364', 0, 488),
(365, 'Yohel Ullo', '14010310015', 'Laki-laki', '', 1, '2015-10-29 00:00:00', '0000-00-00 00:00:00', '365', 0, 488),
(366, 'Yosina Towansiba', '14010310016', 'Perempuan', '', 1, '2015-10-29 00:00:00', '0000-00-00 00:00:00', '366', 0, 488),
(367, 'Cais Dangeubun', '15010410004', 'Laki-laki', '', 1, '2015-10-29 00:00:00', '0000-00-00 00:00:00', '367', 0, 488),
(368, 'Enni Desi Towansiba', '15010410006', 'Perempuan', '', 1, '2015-10-29 00:00:00', '0000-00-00 00:00:00', '368', 0, 488),
(369, 'Jenerson Otniel Duwit', '12010110055', 'Laki-laki', '', 1, '2015-10-29 00:00:00', '0000-00-00 00:00:00', '369', 0, 494),
(370, 'Natalia Yakomina Kolenggea', '12010110071', 'Perempuan', '', 1, '2015-10-29 00:00:00', '0000-00-00 00:00:00', '370', 0, 494),
(371, 'Yeheskiel Sagaret', '12010110119', 'Laki-laki', '', 1, '2015-10-29 00:00:00', '0000-00-00 00:00:00', '371', 0, 494),
(372, 'Gabriela Octavia Momoth', '12010210031', 'Perempuan', '', 1, '2015-10-29 00:00:00', '0000-00-00 00:00:00', '372', 0, 494),
(373, 'Margaretha Yupelina Oppue', '12010210051', 'Perempuan', '', 1, '2015-10-29 00:00:00', '0000-00-00 00:00:00', '373', 0, 494),
(374, 'Mince Fransiska Merani', '12010210059', 'Perempuan', '', 1, '2015-10-29 00:00:00', '0000-00-00 00:00:00', '374', 0, 494),
(375, 'Oktovina Moby', '12010210072', 'Perempuan', '', 1, '2015-10-29 00:00:00', '0000-00-00 00:00:00', '375', 0, 494),
(376, 'Yosina Sorry', '12010210099', 'Perempuan', '', 1, '2015-10-29 00:00:00', '0000-00-00 00:00:00', '376', 0, 494),
(377, 'Beatriks Irene Windesi', '12010310016', 'Perempuan', '', 1, '2015-10-29 00:00:00', '0000-00-00 00:00:00', '377', 0, 494),
(378, 'Mike Mariano Assem', '12010310059', 'Perempuan', '', 1, '2015-10-29 00:00:00', '0000-00-00 00:00:00', '378', 0, 494),
(379, 'Nelci Eramury', '13010110001', 'Perempuan', '', 1, '2015-10-29 00:00:00', '0000-00-00 00:00:00', '379', 0, 494),
(380, 'Mariana Barae', '13010110002', 'Perempuan', '', 1, '2015-10-29 00:00:00', '0000-00-00 00:00:00', '380', 0, 494),
(381, 'Korneles Tugakery', '13010110003', 'Laki-laki', '', 1, '2015-10-29 00:00:00', '0000-00-00 00:00:00', '381', 0, 494),
(382, 'Sandra Lebrina Thesia', '13010110005', 'Perempuan', '', 1, '2015-10-29 00:00:00', '0000-00-00 00:00:00', '382', 0, 494),
(383, 'Rosita Segetmena', '13010110008', 'Perempuan', '', 1, '2015-10-29 00:00:00', '0000-00-00 00:00:00', '383', 0, 494),
(384, 'Rahel Balseba Welmince Eramury', '13010110010', 'Perempuan', '', 1, '2015-10-29 00:00:00', '0000-00-00 00:00:00', '384', 0, 494),
(385, 'Lina Majefat', '13010210002', 'Perempuan', '', 1, '2015-10-29 00:00:00', '0000-00-00 00:00:00', '385', 0, 494),
(386, 'Rahel Udaire', '13010210005', 'Perempuan', '', 1, '2015-10-29 00:00:00', '0000-00-00 00:00:00', '386', 0, 494),
(387, 'Susana Yohana Tugerfay', '13010310001', 'Perempuan', '', 1, '2015-10-29 00:00:00', '0000-00-00 00:00:00', '387', 0, 494),
(388, 'Wellem Robertho Serio', '13010310002', 'Laki-laki', '', 1, '2015-10-29 00:00:00', '0000-00-00 00:00:00', '388', 0, 494),
(389, 'Merselina Tinjaru', '13010310004', 'Perempuan', '', 1, '2015-10-29 00:00:00', '0000-00-00 00:00:00', '389', 0, 494),
(390, 'Nelci Eramury', '14010410005', 'Perempuan', '', 1, '2015-10-29 00:00:00', '0000-00-00 00:00:00', '390', 0, 494),
(391, 'Solevia Heselo', '10010110051', 'Perempuan', '', 1, '2015-10-29 00:00:00', '0000-00-00 00:00:00', '391', 0, 465),
(392, 'Meriana Wetipo', '10010110018', 'Perempuan', '', 1, '2015-10-29 00:00:00', '0000-00-00 00:00:00', '392', 0, 466),
(393, 'Munike Wetipo', '10010110021', 'Perempuan', '', 1, '2015-10-29 00:00:00', '0000-00-00 00:00:00', '393', 0, 466),
(394, 'Obet Meage', '10010110024', 'Laki-laki', '', 1, '2015-10-29 00:00:00', '0000-00-00 00:00:00', '394', 0, 466),
(395, 'Petelina Wenda', '10010110029', 'Perempuan', '', 1, '2015-10-29 00:00:00', '0000-00-00 00:00:00', '395', 0, 466),
(396, 'Welmina Wetipo', '10010110039', 'Perempuan', '', 1, '2015-10-29 00:00:00', '0000-00-00 00:00:00', '396', 0, 466),
(397, 'Yefri Elosak', '10010110044', 'Laki-laki', '', 1, '2015-10-29 00:00:00', '0000-00-00 00:00:00', '397', 0, 466),
(398, 'Yuli Bertha Aga Gombo', '10010110050', 'Perempuan', '', 1, '2015-10-29 00:00:00', '0000-00-00 00:00:00', '398', 0, 466),
(399, 'Ahi Wandik', '10010210002', 'Laki-laki', '', 1, '2015-10-29 00:00:00', '0000-00-00 00:00:00', '399', 0, 466),
(400, 'Andrias Wamo Matuan', '10010210005', 'Laki-laki', '', 1, '2015-10-29 00:00:00', '0000-00-00 00:00:00', '400', 0, 466),
(401, 'Edizon Logo', '10010210008', 'Laki-laki', '', 1, '2015-10-29 00:00:00', '0000-00-00 00:00:00', '401', 0, 466),
(402, 'Maurith Asso', '10010210020', 'Laki-laki', '', 1, '2015-10-29 00:00:00', '0000-00-00 00:00:00', '402', 0, 466),
(403, 'Petrus Hisage', '10010210025', 'Laki-laki', '', 1, '2015-10-29 00:00:00', '0000-00-00 00:00:00', '403', 0, 466),
(404, 'Veronika Wilil', '10010210030', 'Perempuan', '', 1, '2015-10-29 00:00:00', '0000-00-00 00:00:00', '404', 0, 466),
(405, 'Ani Alua', '10010210036', 'Perempuan', '', 1, '2015-10-29 00:00:00', '0000-00-00 00:00:00', '405', 0, 466),
(406, 'Alber Kossay', '10010310001', 'Laki-laki', '', 1, '2015-10-29 00:00:00', '0000-00-00 00:00:00', '406', 0, 466),
(407, 'Eliakim Itlay', '10010310009', 'Laki-laki', '', 1, '2015-10-29 00:00:00', '0000-00-00 00:00:00', '407', 0, 466),
(408, 'Herlien Lokobal', '10010310013', 'Perempuan', '', 1, '2015-10-29 00:00:00', '0000-00-00 00:00:00', '408', 0, 466),
(409, 'Ita Wetapo', '10010310015', 'Perempuan', '', 1, '2015-10-29 00:00:00', '0000-00-00 00:00:00', '409', 0, 466),
(410, 'Nikolaus K. Wenda', '10010310019', 'Laki-laki', '', 1, '2015-10-29 00:00:00', '0000-00-00 00:00:00', '410', 0, 466),
(411, 'Simon Yelipele', '10010310023', 'Laki-laki', '', 1, '2015-10-29 00:00:00', '0000-00-00 00:00:00', '411', 0, 466),
(412, 'Agusthinus Alfred Sanyar', '10010210001', 'Laki-laki', '', 1, '2015-10-29 00:00:00', '0000-00-00 00:00:00', '412', 0, 468),
(413, 'Yusak Yubal Munua', '10010210034', 'Laki-laki', '', 1, '2015-10-29 00:00:00', '0000-00-00 00:00:00', '413', 0, 468),
(414, 'Fransiscus Thomas Bapaimu', '10010310012', 'Laki-laki', '', 1, '2015-10-29 00:00:00', '0000-00-00 00:00:00', '414', 0, 468),
(415, 'Miryam Natalia Wayoi', '13010110004', 'Perempuan', '', 1, '2015-10-29 00:00:00', '0000-00-00 00:00:00', '415', 0, 468);
INSERT INTO `orang` (`id`, `nama`, `no_identitas`, `jk`, `alamat`, `is_active`, `created_at`, `updated_at`, `token`, `is_delete`, `kabupaten_id`) VALUES
(416, 'Christina Rewang', '13010110007', 'Perempuan', '', 1, '2015-10-29 00:00:00', '0000-00-00 00:00:00', '416', 0, 468),
(417, 'Siti Alida Maria Karubaba', '13010110011', 'Perempuan', '', 1, '2015-10-29 00:00:00', '0000-00-00 00:00:00', '417', 0, 468),
(418, 'Octaviani Yerenia Ratu Danda', '13010110012', 'Perempuan', '', 1, '2015-10-29 00:00:00', '0000-00-00 00:00:00', '418', 0, 468),
(419, 'Asnawati Saimima', '13010110013', 'Perempuan', '', 1, '2015-10-29 00:00:00', '0000-00-00 00:00:00', '419', 0, 468),
(420, 'Yobel Alexander Pabassing', '13010110016', 'Laki-laki', '', 1, '2015-10-29 00:00:00', '0000-00-00 00:00:00', '420', 0, 468),
(421, 'Rio Wijaya', '13010110018', 'Laki-laki', '', 1, '2015-10-29 00:00:00', '0000-00-00 00:00:00', '421', 0, 468),
(422, 'Rose Septemberly Rayaar', '13010110019', 'Perempuan', '', 1, '2015-10-29 00:00:00', '0000-00-00 00:00:00', '422', 0, 468),
(423, 'John Piet Wona', '13010110020', 'Laki-laki', '', 1, '2015-10-29 00:00:00', '0000-00-00 00:00:00', '423', 0, 468),
(424, 'Yunita Waiberi', '13010110021', 'Perempuan', '', 1, '2015-10-29 00:00:00', '0000-00-00 00:00:00', '424', 0, 468),
(425, 'Anthon Woriasi', '13010110022', 'Laki-laki', '', 1, '2015-10-29 00:00:00', '0000-00-00 00:00:00', '425', 0, 468),
(426, 'Obet Gulit Wempi Kamarea', '13010210001', 'Laki-laki', '', 1, '2015-10-29 00:00:00', '0000-00-00 00:00:00', '426', 0, 468),
(427, 'Senny S Woriasi', '13010210003', 'Perempuan', '', 1, '2015-10-29 00:00:00', '0000-00-00 00:00:00', '427', 0, 468),
(428, 'Sonya Liske Rumbewas', '13010210004', 'Perempuan', '', 1, '2015-10-29 00:00:00', '0000-00-00 00:00:00', '428', 0, 468),
(429, 'Bansalina Salomina Rumbarak', '13010210006', 'Perempuan', '', 1, '2015-10-29 00:00:00', '0000-00-00 00:00:00', '429', 0, 468),
(430, 'Lisa Iwanggin', '13010210008', 'Perempuan', '', 1, '2015-10-29 00:00:00', '0000-00-00 00:00:00', '430', 0, 468),
(431, 'Yunus Wona', '13010210009', 'Laki-laki', '', 1, '2015-10-29 00:00:00', '0000-00-00 00:00:00', '431', 0, 468),
(432, 'Handry Alfred Fonataba', '13010210010', 'Laki-laki', '', 1, '2015-10-29 00:00:00', '0000-00-00 00:00:00', '432', 0, 468),
(433, 'Feronika Vince Manyakori', '13010210014', 'Perempuan', '', 1, '2015-10-29 00:00:00', '0000-00-00 00:00:00', '433', 0, 468),
(434, 'Ferdison Rouw', '13010310003', 'Laki-laki', '', 1, '2015-10-29 00:00:00', '0000-00-00 00:00:00', '434', 0, 468),
(435, 'Katrin Merssy Watimena', '13010310005', 'Perempuan', '', 1, '2015-10-29 00:00:00', '0000-00-00 00:00:00', '435', 0, 468),
(436, 'Dolfinus Kayoi', '13010310006', 'Laki-laki', '', 1, '2015-10-29 00:00:00', '0000-00-00 00:00:00', '436', 0, 468),
(437, 'Harri Norris Lumban Tobing', '13010310007', 'Laki-laki', '', 1, '2015-10-29 00:00:00', '0000-00-00 00:00:00', '437', 0, 468),
(438, 'Dorothy Midelvia Mambay', '13010310008', 'Perempuan', '', 1, '2015-10-29 00:00:00', '0000-00-00 00:00:00', '438', 0, 468),
(439, 'Tri aditya Putra', '13010310012', 'Laki-laki', '', 1, '2015-10-29 00:00:00', '0000-00-00 00:00:00', '439', 0, 468),
(440, 'Otto Derek Braile Rumandewai', '13010310013', 'Laki-laki', '', 1, '2015-10-29 00:00:00', '0000-00-00 00:00:00', '440', 0, 468),
(441, 'Irwita A Bebari', '13010310014', 'Perempuan', '', 1, '2015-10-29 00:00:00', '0000-00-00 00:00:00', '441', 0, 468),
(442, 'Anastasia Nikita Liklikwatil', '14010110002', 'Perempuan', '', 1, '2015-10-29 00:00:00', '0000-00-00 00:00:00', '442', 0, 468),
(443, 'Anelsi Paririe', '14010110003', 'Perempuan', '', 1, '2015-10-29 00:00:00', '0000-00-00 00:00:00', '443', 0, 468),
(444, 'Dessy Natalia Fonataba', '14010110006', 'Perempuan', '', 1, '2015-10-29 00:00:00', '0000-00-00 00:00:00', '444', 0, 468),
(445, 'Elsa Febriana Faidiban', '14010110010', 'Perempuan', '', 1, '2015-10-29 00:00:00', '0000-00-00 00:00:00', '445', 0, 468),
(446, 'Gresela Alatubir', '14010110012', 'Perempuan', '', 1, '2015-10-29 00:00:00', '0000-00-00 00:00:00', '446', 0, 468),
(447, 'Levina Rina Ayeri', '14010110015', 'Perempuan', '', 1, '2015-10-29 00:00:00', '0000-00-00 00:00:00', '447', 0, 468),
(448, 'Lince Olin Nenepat', '14010110016', 'Perempuan', '', 1, '2015-10-29 00:00:00', '0000-00-00 00:00:00', '448', 0, 468),
(449, 'Maurith T Aronggear', '14010110017', 'Laki-laki', '', 1, '2015-10-29 00:00:00', '0000-00-00 00:00:00', '449', 0, 468),
(450, 'Mirando Lindo Kanggunum', '14010110018', 'Laki-laki', '', 1, '2015-10-29 00:00:00', '0000-00-00 00:00:00', '450', 0, 468),
(451, 'Nurani Hutagaol', '14010110019', 'Perempuan', '', 1, '2015-10-29 00:00:00', '0000-00-00 00:00:00', '451', 0, 468),
(452, 'Prili Sintike Worumi', '14010110020', 'Perempuan', '', 1, '2015-10-29 00:00:00', '0000-00-00 00:00:00', '452', 0, 468),
(453, 'Sapriandi Tarigan', '14010110022', 'Laki-laki', '', 1, '2015-10-29 00:00:00', '0000-00-00 00:00:00', '453', 0, 468),
(454, 'Sila Siska Pedai', '14010110023', 'Perempuan', '', 1, '2015-10-29 00:00:00', '0000-00-00 00:00:00', '454', 0, 468),
(455, 'Viktor Amos Pihahei', '14010110024', 'Laki-laki', '', 1, '2015-10-29 00:00:00', '0000-00-00 00:00:00', '455', 0, 468),
(456, 'Waiki Albert Wona', '14010110025', 'Laki-laki', '', 1, '2015-10-29 00:00:00', '0000-00-00 00:00:00', '456', 0, 468),
(457, 'Yakoba Ways Waimuri', '14010110026', 'Perempuan', '', 1, '2015-10-29 00:00:00', '0000-00-00 00:00:00', '457', 0, 468),
(458, 'Ade Wahyu Oktavian', '14010210001', 'Laki-laki', '', 1, '2015-10-29 00:00:00', '0000-00-00 00:00:00', '458', 0, 468),
(459, 'Enggelina Aurai', '14010210002', 'Perempuan', '', 1, '2015-10-29 00:00:00', '0000-00-00 00:00:00', '459', 0, 468),
(460, 'Lidia Sisilia Koranu', '14010210003', 'Perempuan', '', 1, '2015-10-29 00:00:00', '0000-00-00 00:00:00', '460', 0, 468),
(461, 'Linda Yakomina Ayomi', '14010210004', 'Perempuan', '', 1, '2015-10-29 00:00:00', '0000-00-00 00:00:00', '461', 0, 468),
(462, 'Maria Melani Seruni Imbiri', '14010210005', 'Perempuan', '', 1, '2015-10-29 00:00:00', '0000-00-00 00:00:00', '462', 0, 468),
(463, 'Mawen Redi Umbora', '14010210006', 'Laki-laki', '', 1, '2015-10-29 00:00:00', '0000-00-00 00:00:00', '463', 0, 468),
(464, 'Rafika Leikawa', '14010210007', 'Perempuan', '', 1, '2015-10-29 00:00:00', '0000-00-00 00:00:00', '464', 0, 468),
(465, 'Rizki Anggraini', '14010210008', 'Perempuan', '', 1, '2015-10-29 00:00:00', '0000-00-00 00:00:00', '465', 0, 468),
(466, 'Seber Boka', '14010210009', 'Laki-laki', '', 1, '2015-10-29 00:00:00', '0000-00-00 00:00:00', '466', 0, 468),
(467, 'Shelvien Asthika Baan', '14010210010', 'Perempuan', '', 1, '2015-10-29 00:00:00', '0000-00-00 00:00:00', '467', 0, 468),
(468, 'Suwitno', '14010210011', 'Laki-laki', '', 1, '2015-10-29 00:00:00', '0000-00-00 00:00:00', '468', 0, 468),
(469, 'Yolanda Rosita Morince Bonai', '14010210012', 'Perempuan', '', 1, '2015-10-29 00:00:00', '0000-00-00 00:00:00', '469', 0, 468),
(470, 'Anthon Woriasi', '14010410001', 'Laki-laki', '', 1, '2015-10-29 00:00:00', '0000-00-00 00:00:00', '470', 0, 468),
(471, 'Asnawati Saimima', '14010410002', 'Perempuan', '', 1, '2015-10-29 00:00:00', '0000-00-00 00:00:00', '471', 0, 468),
(472, 'John Piet Wona', '14010410003', 'Laki-laki', '', 1, '2015-10-29 00:00:00', '0000-00-00 00:00:00', '472', 0, 468),
(473, 'Lisa Iwanggin', '14010410004', 'Perempuan', '', 1, '2015-10-29 00:00:00', '0000-00-00 00:00:00', '473', 0, 468),
(474, 'Agustina Wally', '15010410001', 'Perempuan', '', 1, '2015-10-29 00:00:00', '0000-00-00 00:00:00', '474', 0, 468),
(475, 'Andrina Deannesha Ramandey', '15010410002', 'Perempuan', '', 1, '2015-10-29 00:00:00', '0000-00-00 00:00:00', '475', 0, 468),
(476, 'Bertus Marten Swabra', '15010410003', 'Laki-laki', '', 1, '2015-10-29 00:00:00', '0000-00-00 00:00:00', '476', 0, 468),
(477, 'Chasperius Robaha', '15010410005', 'Laki-laki', '', 1, '2015-10-29 00:00:00', '0000-00-00 00:00:00', '477', 0, 468),
(478, 'Junaedi Langden', '15010410007', 'Laki-laki', '', 1, '2015-10-29 00:00:00', '0000-00-00 00:00:00', '478', 0, 468),
(479, 'Mateo Ricci Hermon Binsai', '15010410008', 'Laki-laki', '', 1, '2015-10-29 00:00:00', '0000-00-00 00:00:00', '479', 0, 468),
(480, 'Nosolin Marerabuyan', '15010410009', 'Perempuan', '', 1, '2015-10-29 00:00:00', '0000-00-00 00:00:00', '480', 0, 468),
(481, 'Agustinus Enok', '12010110003', 'Laki-laki', '', 1, '2015-10-29 00:00:00', '0000-00-00 00:00:00', '481', 0, 470),
(482, 'Selsius Dasinapa', '12010110101', 'Laki-laki', '', 1, '2015-10-29 00:00:00', '0000-00-00 00:00:00', '482', 0, 470),
(483, 'Sony Adam Bilasi', '12010110106', 'Laki-laki', '', 1, '2015-10-29 00:00:00', '0000-00-00 00:00:00', '483', 0, 470),
(484, 'Stefani Marnia Rumaikewi', '12010110108', 'Perempuan', '', 1, '2015-10-29 00:00:00', '0000-00-00 00:00:00', '484', 0, 470),
(485, 'Tomi Upetaya', '12010110113', 'Laki-laki', '', 1, '2015-10-29 00:00:00', '0000-00-00 00:00:00', '485', 0, 470),
(486, 'Henike Dasinapa', '12010110137', 'Perempuan', '', 1, '2015-10-29 00:00:00', '0000-00-00 00:00:00', '486', 0, 470),
(487, 'Dortheis Paulus Inggimamba', '12010210023', 'Laki-laki', '', 1, '2015-10-29 00:00:00', '0000-00-00 00:00:00', '487', 0, 470),
(488, 'Andi Soromaja', '12010310010', 'Laki-laki', '', 1, '2015-10-29 00:00:00', '0000-00-00 00:00:00', '488', 0, 470),
(489, 'Charles Martinus Indamarei', '12010310019', 'Laki-laki', '', 1, '2015-10-29 00:00:00', '0000-00-00 00:00:00', '489', 0, 470),
(490, 'Cristofel Agus Sembai', '12010310021', 'Laki-laki', '', 1, '2015-10-29 00:00:00', '0000-00-00 00:00:00', '490', 0, 470),
(491, 'Eliyonai Salomi Rumbobo', '12010310032', 'Perempuan', '', 1, '2015-10-29 00:00:00', '0000-00-00 00:00:00', '491', 0, 470),
(492, 'Korinus Nunubukwau', '12010310050', 'Laki-laki', '', 1, '2015-10-29 00:00:00', '0000-00-00 00:00:00', '492', 0, 470),
(493, 'Pitersina A Sumbari', '12010310080', 'Perempuan', '', 1, '2015-10-29 00:00:00', '0000-00-00 00:00:00', '493', 0, 470),
(494, 'Yulianus Sopeh', '12010310111', 'Laki-laki', '', 1, '2015-10-29 00:00:00', '0000-00-00 00:00:00', '494', 0, 470),
(495, 'Barnabas Tawane', '12010310121', 'Laki-laki', '', 1, '2015-10-29 00:00:00', '0000-00-00 00:00:00', '495', 0, 470),
(496, 'Toni Pagawak', '10010110035', 'Laki-laki', '', 1, '2015-10-29 00:00:00', '0000-00-00 00:00:00', '496', 0, 471),
(497, 'Yemina Sibak', '10010110045', 'Perempuan', '', 1, '2015-10-29 00:00:00', '0000-00-00 00:00:00', '497', 0, 471),
(498, 'Maina Pagawak', '10010210017', 'Perempuan', '', 1, '2015-10-29 00:00:00', '0000-00-00 00:00:00', '498', 0, 471),
(499, 'Yasina Heni Medlama', '10010210031', 'Perempuan', '', 1, '2015-10-29 00:00:00', '0000-00-00 00:00:00', '499', 0, 471),
(500, 'Feralin Pagawak', '10010210035', 'Perempuan', '', 1, '2015-10-29 00:00:00', '0000-00-00 00:00:00', '500', 0, 471),
(501, 'Arnold Kenelak', '10010310004', 'Laki-laki', '', 1, '2015-10-29 00:00:00', '0000-00-00 00:00:00', '501', 0, 471),
(502, 'Andreanus Yotha', '10010210004', 'Laki-laki', '', 1, '2015-10-29 00:00:00', '0000-00-00 00:00:00', '502', 0, 473),
(503, 'Adrianus Kaize', '11010110002', 'Laki-laki', '', 1, '2015-10-29 00:00:00', '0000-00-00 00:00:00', '503', 0, 473),
(504, 'Anna Francis Kakupu', '11010110005', 'Perempuan', '', 1, '2015-10-29 00:00:00', '0000-00-00 00:00:00', '504', 0, 473),
(505, 'Benyamin Manda Bunika', '11010110011', 'Laki-laki', '', 1, '2015-10-29 00:00:00', '0000-00-00 00:00:00', '505', 0, 473),
(506, 'Esterlina Theresia Kaize', '11010110024', 'Perempuan', '', 1, '2015-10-29 00:00:00', '0000-00-00 00:00:00', '506', 0, 473),
(507, 'Farida Wani Mahuze', '11010110025', 'Perempuan', '', 1, '2015-10-29 00:00:00', '0000-00-00 00:00:00', '507', 0, 473),
(508, 'Haedy Delvini Dinaulik', '11010110031', 'Perempuan', '', 1, '2015-10-29 00:00:00', '0000-00-00 00:00:00', '508', 0, 473),
(509, 'Hendrikus Capa', '11010110032', 'Laki-laki', '', 1, '2015-10-29 00:00:00', '0000-00-00 00:00:00', '509', 0, 473),
(510, 'Jeane Viena Waire', '11010110036', 'Perempuan', '', 1, '2015-10-29 00:00:00', '0000-00-00 00:00:00', '510', 0, 473),
(511, 'Maryam Teknek', '11010110051', 'Perempuan', '', 1, '2015-10-29 00:00:00', '0000-00-00 00:00:00', '511', 0, 473),
(512, 'Paulus Frederik Hendrik', '11010110067', 'Laki-laki', '', 1, '2015-10-29 00:00:00', '0000-00-00 00:00:00', '512', 0, 473),
(513, 'Silvia Kakapi Awi', '11010110074', 'Perempuan', '', 1, '2015-10-29 00:00:00', '0000-00-00 00:00:00', '513', 0, 473),
(514, 'Sofia Yolenta Awi', '11010110075', 'Perempuan', '', 1, '2015-10-29 00:00:00', '0000-00-00 00:00:00', '514', 0, 473),
(515, 'Stanislaus Mbuekawa', '11010110076', 'Laki-laki', '', 1, '2015-10-29 00:00:00', '0000-00-00 00:00:00', '515', 0, 473),
(516, 'Tabita Wonijai', '11010110077', 'Perempuan', '', 1, '2015-10-29 00:00:00', '0000-00-00 00:00:00', '516', 0, 473),
(517, 'Theresia Cewe', '11010110081', 'Perempuan', '', 1, '2015-10-29 00:00:00', '0000-00-00 00:00:00', '517', 0, 473),
(518, 'Valeria U. Yasinta Warice', '11010110084', 'Perempuan', '', 1, '2015-10-29 00:00:00', '0000-00-00 00:00:00', '518', 0, 473),
(519, 'Wilhelmina Aureya Marwa', '11010110091', 'Perempuan', '', 1, '2015-10-29 00:00:00', '0000-00-00 00:00:00', '519', 0, 473),
(520, 'Yohanis Yori', '11010110099', 'Laki-laki', '', 1, '2015-10-29 00:00:00', '0000-00-00 00:00:00', '520', 0, 473),
(521, 'Yustinus Wilman Mekiuw', '11010110102', 'Laki-laki', '', 1, '2015-10-29 00:00:00', '0000-00-00 00:00:00', '521', 0, 473),
(522, 'Antonius Garima Yawiwa', '11010210002', 'Laki-laki', '', 1, '2015-10-29 00:00:00', '0000-00-00 00:00:00', '522', 0, 473),
(523, 'Delson Albert Gebze', '11010210011', 'Laki-laki', '', 1, '2015-10-29 00:00:00', '0000-00-00 00:00:00', '523', 0, 473),
(524, 'Eliud Kwintinus Warenop', '11010210016', 'Laki-laki', '', 1, '2015-10-29 00:00:00', '0000-00-00 00:00:00', '524', 0, 473),
(525, 'Sonnya Yakonia Chri', '11010210054', 'Perempuan', '', 1, '2015-10-29 00:00:00', '0000-00-00 00:00:00', '525', 0, 473),
(526, 'Floribertus Stefanus', '11010310018', 'Laki-laki', '', 1, '2015-10-29 00:00:00', '0000-00-00 00:00:00', '526', 0, 473),
(527, 'Gabriel Oswin Gebze', '11010310020', 'Laki-laki', '', 1, '2015-10-29 00:00:00', '0000-00-00 00:00:00', '527', 0, 473),
(528, 'Gervasius Benyamin', '11010310022', 'Laki-laki', '', 1, '2015-10-29 00:00:00', '0000-00-00 00:00:00', '528', 0, 473),
(529, 'Irma Rosina Gebze', '11010310025', 'Perempuan', '', 1, '2015-10-29 00:00:00', '0000-00-00 00:00:00', '529', 0, 473),
(530, 'Markus Tukundi', '11010310032', 'Laki-laki', '', 1, '2015-10-29 00:00:00', '0000-00-00 00:00:00', '530', 0, 473),
(531, 'Natalia Debora Karkujai', '11010310039', 'Perempuan', '', 1, '2015-10-29 00:00:00', '0000-00-00 00:00:00', '531', 0, 473),
(532, 'Ponsianus Bunama Kua', '11010310045', 'Laki-laki', '', 1, '2015-10-29 00:00:00', '0000-00-00 00:00:00', '532', 0, 473),
(533, 'Aplonia Selfina Bokripok', '12010110011', 'Perempuan', '', 1, '2015-10-29 00:00:00', '0000-00-00 00:00:00', '533', 0, 473),
(534, 'Bernadus Sadrak Koel', '12010110021', 'Laki-laki', '', 1, '2015-10-29 00:00:00', '0000-00-00 00:00:00', '534', 0, 473),
(535, 'Denesia Rosela Keijai', '12010110028', 'Perempuan', '', 1, '2015-10-29 00:00:00', '0000-00-00 00:00:00', '535', 0, 473),
(536, 'Erfina Laura Waliter', '12010110035', 'Perempuan', '', 1, '2015-10-29 00:00:00', '0000-00-00 00:00:00', '536', 0, 473),
(537, 'Hermelina Mahuze', '12010110045', 'Perempuan', '', 1, '2015-10-29 00:00:00', '0000-00-00 00:00:00', '537', 0, 473),
(538, 'Ibrahim Majai', '12010110046', 'Laki-laki', '', 1, '2015-10-29 00:00:00', '0000-00-00 00:00:00', '538', 0, 473),
(539, 'Lowisa Wakum', '12010110060', 'Perempuan', '', 1, '2015-10-29 00:00:00', '0000-00-00 00:00:00', '539', 0, 473),
(540, 'Norce Ruth Awaniter', '12010110074', 'Perempuan', '', 1, '2015-10-29 00:00:00', '0000-00-00 00:00:00', '540', 0, 473),
(541, 'Permenas Manase Kelujai', '12010110083', 'Laki-laki', '', 1, '2015-10-29 00:00:00', '0000-00-00 00:00:00', '541', 0, 473),
(542, 'Robby Trimintius Demestus Karkujai', '12010110094', 'Laki-laki', '', 1, '2015-10-29 00:00:00', '0000-00-00 00:00:00', '542', 0, 473),
(543, 'Rumsano Amaro', '12010110097', 'Laki-laki', '', 1, '2015-10-29 00:00:00', '0000-00-00 00:00:00', '543', 0, 473),
(544, 'Serly Makdalena Selfina Randongkir', '12010110104', 'Perempuan', '', 1, '2015-10-29 00:00:00', '0000-00-00 00:00:00', '544', 0, 473),
(545, 'Thobias Diong Kosnan', '12010110112', 'Laki-laki', '', 1, '2015-10-29 00:00:00', '0000-00-00 00:00:00', '545', 0, 473),
(546, 'Yesaya William Ndiken', '12010110120', 'Laki-laki', '', 1, '2015-10-29 00:00:00', '0000-00-00 00:00:00', '546', 0, 473),
(547, 'Zakarias Ndiken', '12010110128', 'Laki-laki', '', 1, '2015-10-29 00:00:00', '0000-00-00 00:00:00', '547', 0, 473),
(548, 'Dominggas Mugujai', '12010210021', 'Laki-laki', '', 1, '2015-10-29 00:00:00', '0000-00-00 00:00:00', '548', 0, 473),
(549, 'Dominikus Duap', '12010210022', 'Laki-laki', '', 1, '2015-10-29 00:00:00', '0000-00-00 00:00:00', '549', 0, 473),
(550, 'Marice Benselina Mahuze', '12010210054', 'Perempuan', '', 1, '2015-10-29 00:00:00', '0000-00-00 00:00:00', '550', 0, 473),
(551, 'Yanuarius Kristian Nahinde', '12010210097', 'Laki-laki', '', 1, '2015-10-29 00:00:00', '0000-00-00 00:00:00', '551', 0, 473),
(552, 'Yulius Panggrasius Mahuse', '12010210100', 'Laki-laki', '', 1, '2015-10-29 00:00:00', '0000-00-00 00:00:00', '552', 0, 473),
(553, 'Inneke Samkakay', '12010310044', 'Perempuan', '', 1, '2015-10-29 00:00:00', '0000-00-00 00:00:00', '553', 0, 473),
(554, 'Jacoba Fientje Randongkir', '12010310047', 'Perempuan', '', 1, '2015-10-29 00:00:00', '0000-00-00 00:00:00', '554', 0, 473),
(555, 'Leni Selo Basik Basik', '12010310053', 'Perempuan', '', 1, '2015-10-29 00:00:00', '0000-00-00 00:00:00', '555', 0, 473),
(556, 'Lukas Tonai Mahuze', '12010310055', 'Laki-laki', '', 1, '2015-10-29 00:00:00', '0000-00-00 00:00:00', '556', 0, 473),
(557, 'Miryam Maulelo', '12010310060', 'Perempuan', '', 1, '2015-10-29 00:00:00', '0000-00-00 00:00:00', '557', 0, 473),
(558, 'Oliva Gwamerjai', '12010310076', 'Perempuan', '', 1, '2015-10-29 00:00:00', '0000-00-00 00:00:00', '558', 0, 473),
(559, 'Rosalina Hasin Yolmen', '12010310089', 'Perempuan', '', 1, '2015-10-29 00:00:00', '0000-00-00 00:00:00', '559', 0, 473),
(560, 'Sefnat Mahuze', '12010310092', 'Laki-laki', '', 1, '2015-10-29 00:00:00', '0000-00-00 00:00:00', '560', 0, 473),
(561, 'Yenni Sanggra', '12010310106', 'Perempuan', '', 1, '2015-10-29 00:00:00', '0000-00-00 00:00:00', '561', 0, 473),
(562, 'Yohanis Melkior Abraham Edison Sahetapy', '12010310107', 'Laki-laki', '', 1, '2015-10-29 00:00:00', '0000-00-00 00:00:00', '562', 0, 473),
(563, 'Yuventus Matheus Gebze', '12010310113', 'Laki-laki', '', 1, '2015-10-29 00:00:00', '0000-00-00 00:00:00', '563', 0, 473),
(564, 'Apolinarius Marthen Gemor', '12010310120', 'Laki-laki', '', 1, '2015-10-29 00:00:00', '0000-00-00 00:00:00', '564', 0, 473),
(565, 'Jemi Deikmom', '12010110054', 'Laki-laki', '', 1, '2015-10-29 00:00:00', '0000-00-00 00:00:00', '565', 0, 474),
(566, 'Siprianus Waine', '12010110138', 'Laki-laki', '', 1, '2015-10-29 00:00:00', '0000-00-00 00:00:00', '566', 0, 474),
(567, 'Didimus Timang', '12010210105', 'Laki-laki', '', 1, '2015-10-29 00:00:00', '0000-00-00 00:00:00', '567', 0, 474),
(568, 'Nelson Tenbak', '12010310069', 'Laki-laki', '', 1, '2015-10-29 00:00:00', '0000-00-00 00:00:00', '568', 0, 474),
(569, 'Zakeus Searo', '12010310114', 'Laki-laki', '', 1, '2015-10-29 00:00:00', '0000-00-00 00:00:00', '569', 0, 474),
(570, 'Yohanes Epere', '12010310119', 'Laki-laki', '', 1, '2015-10-29 00:00:00', '0000-00-00 00:00:00', '570', 0, 474),
(571, 'Otto Kalakmabin', '10010110026', 'Laki-laki', '', 1, '2015-10-29 00:00:00', '0000-00-00 00:00:00', '571', 0, 478),
(572, 'Siprianus S Delal', '10010110031', 'Laki-laki', '', 1, '2015-10-29 00:00:00', '0000-00-00 00:00:00', '572', 0, 478),
(573, 'Taklipkur Fatima Asemki', '10010110033', 'Perempuan', '', 1, '2015-10-29 00:00:00', '0000-00-00 00:00:00', '573', 0, 478),
(574, 'Ellias Sengki Kasipmabin', '10010210011', 'Laki-laki', '', 1, '2015-10-29 00:00:00', '0000-00-00 00:00:00', '574', 0, 478),
(575, 'Gabriel Asemki', '10010210014', 'Laki-laki', '', 1, '2015-10-29 00:00:00', '0000-00-00 00:00:00', '575', 0, 478),
(576, 'Salmon Kasipmabin', '10010210027', 'Laki-laki', '', 1, '2015-10-29 00:00:00', '0000-00-00 00:00:00', '576', 0, 478),
(577, 'Ananias Kururopka', '10010310003', 'Laki-laki', '', 1, '2015-10-29 00:00:00', '0000-00-00 00:00:00', '577', 0, 478),
(578, 'Beatris Uropmabin', '10010310006', 'Perempuan', '', 1, '2015-10-29 00:00:00', '0000-00-00 00:00:00', '578', 0, 478),
(579, 'S Fabianus Ningdana', '10010310021', 'Laki-laki', '', 1, '2015-10-29 00:00:00', '0000-00-00 00:00:00', '579', 0, 478),
(580, 'Yantho Kaladana', '10010310026', 'Laki-laki', '', 1, '2015-10-29 00:00:00', '0000-00-00 00:00:00', '580', 0, 478),
(581, 'Milon Wonda', '10010110020', 'Laki-laki', '', 1, '2015-10-29 00:00:00', '0000-00-00 00:00:00', '581', 0, 480),
(582, 'Welison Telenggen', '10010110038', 'Laki-laki', '', 1, '2015-10-29 00:00:00', '0000-00-00 00:00:00', '582', 0, 480),
(583, 'Topitu Telenggen', '10010110055', 'Laki-laki', '', 1, '2015-10-29 00:00:00', '0000-00-00 00:00:00', '583', 0, 480),
(584, 'Emina Elabi', '10010210012', 'Perempuan', '', 1, '2015-10-29 00:00:00', '0000-00-00 00:00:00', '584', 0, 480),
(585, 'Nerince Telengen', '10010310018', 'Perempuan', '', 1, '2015-10-29 00:00:00', '0000-00-00 00:00:00', '585', 0, 480),
(586, 'Damira Kogoya', '11010110013', 'Perempuan', '', 1, '2015-10-29 00:00:00', '0000-00-00 00:00:00', '586', 0, 480),
(587, 'Dumiron Fawi', '11010110018', 'Laki-laki', '', 1, '2015-10-29 00:00:00', '0000-00-00 00:00:00', '587', 0, 480),
(588, 'Eli Karoba', '11010210015', 'Laki-laki', '', 1, '2015-10-29 00:00:00', '0000-00-00 00:00:00', '588', 0, 480),
(589, 'Endiles Gire', '11010210020', 'Laki-laki', '', 1, '2015-10-29 00:00:00', '0000-00-00 00:00:00', '589', 0, 480),
(590, 'Laka Kogoya', '11010210034', 'Laki-laki', '', 1, '2015-10-29 00:00:00', '0000-00-00 00:00:00', '590', 0, 480),
(591, 'Ornadol Yigibalom', '11010210042', 'Laki-laki', '', 1, '2015-10-29 00:00:00', '0000-00-00 00:00:00', '591', 0, 480),
(592, 'Yeska Mira Yikwa', '11010210069', 'Perempuan', '', 1, '2015-10-29 00:00:00', '0000-00-00 00:00:00', '592', 0, 480),
(593, 'Yosep Wonda', '11010210071', 'Laki-laki', '', 1, '2015-10-29 00:00:00', '0000-00-00 00:00:00', '593', 0, 480),
(594, 'Birakawar Wonda', '11010310005', 'Laki-laki', '', 1, '2015-10-29 00:00:00', '0000-00-00 00:00:00', '594', 0, 480),
(595, 'Daud Noriwari', '11010310006', 'Laki-laki', '', 1, '2015-10-29 00:00:00', '0000-00-00 00:00:00', '595', 0, 480),
(596, 'Hendrikus Bala Esi', '11010310024', 'Laki-laki', '', 1, '2015-10-29 00:00:00', '0000-00-00 00:00:00', '596', 0, 480),
(597, 'Kisi Wonda', '11010310028', 'Laki-laki', '', 1, '2015-10-29 00:00:00', '0000-00-00 00:00:00', '597', 0, 480),
(598, 'Lendi Kogoya', '11010310030', 'Perempuan', '', 1, '2015-10-29 00:00:00', '0000-00-00 00:00:00', '598', 0, 480),
(599, 'Timiles Telenggen', '11010310057', 'Laki-laki', '', 1, '2015-10-29 00:00:00', '0000-00-00 00:00:00', '599', 0, 480),
(600, 'Waitenus Kiwo', '11010310059', 'Laki-laki', '', 1, '2015-10-29 00:00:00', '0000-00-00 00:00:00', '600', 0, 480),
(601, 'Yekriel Lambe', '11010310064', 'Laki-laki', '', 1, '2015-10-29 00:00:00', '0000-00-00 00:00:00', '601', 0, 480),
(602, 'Kilera Kogoya', '12010110131', 'Perempuan', '', 1, '2015-10-29 00:00:00', '0000-00-00 00:00:00', '602', 0, 480),
(603, 'Maiton Yoman', '12010110132', 'Laki-laki', '', 1, '2015-10-29 00:00:00', '0000-00-00 00:00:00', '603', 0, 480),
(604, 'Mince Weya', '12010110133', 'Perempuan', '', 1, '2015-10-29 00:00:00', '0000-00-00 00:00:00', '604', 0, 480),
(605, 'Waingges Jigibalom', '12010110134', 'Laki-laki', '', 1, '2015-10-29 00:00:00', '0000-00-00 00:00:00', '605', 0, 480),
(606, 'Yamowi Morib', '12010110135', 'Laki-laki', '', 1, '2015-10-29 00:00:00', '0000-00-00 00:00:00', '606', 0, 480),
(607, 'Yekimira Wonda', '12010110136', 'Perempuan', '', 1, '2015-10-29 00:00:00', '0000-00-00 00:00:00', '607', 0, 480),
(608, 'Bastian', '12010110150', 'Laki-laki', '', 1, '2015-10-29 00:00:00', '0000-00-00 00:00:00', '608', 0, 480),
(609, 'Elki Kogoya', '12010210103', 'Laki-laki', '', 1, '2015-10-29 00:00:00', '0000-00-00 00:00:00', '609', 0, 480),
(610, 'Yandius Wonda', '12010210104', 'Laki-laki', '', 1, '2015-10-29 00:00:00', '0000-00-00 00:00:00', '610', 0, 480),
(611, 'Kenipo Kupai', '12010310116', 'Laki-laki', '', 1, '2015-10-29 00:00:00', '0000-00-00 00:00:00', '611', 0, 480),
(612, 'Riman Telenggen', '12010310117', 'Laki-laki', '', 1, '2015-10-29 00:00:00', '0000-00-00 00:00:00', '612', 0, 480),
(613, 'Yomi Wonda', '12010310118', 'Laki-laki', '', 1, '2015-10-29 00:00:00', '0000-00-00 00:00:00', '613', 0, 480),
(614, 'Abias Wan Hesegem', '10010110001', 'Laki-laki', '', 1, '2015-10-29 00:00:00', '0000-00-00 00:00:00', '614', 0, 483),
(615, 'Atera Kogoya', '10010110003', 'Perempuan', '', 1, '2015-10-29 00:00:00', '0000-00-00 00:00:00', '615', 0, 483),
(616, 'Edison Wandik', '10010110007', 'Laki-laki', '', 1, '2015-10-29 00:00:00', '0000-00-00 00:00:00', '616', 0, 483),
(617, 'Juli Towolom', '10010110013', 'Perempuan', '', 1, '2015-10-29 00:00:00', '0000-00-00 00:00:00', '617', 0, 483),
(618, 'Kinius Wenda', '10010110014', 'Laki-laki', '', 1, '2015-10-29 00:00:00', '0000-00-00 00:00:00', '618', 0, 483),
(619, 'Milai Wakur', '10010110019', 'Laki-laki', '', 1, '2015-10-29 00:00:00', '0000-00-00 00:00:00', '619', 0, 483),
(620, 'Tonis Pagawak', '10010110036', 'Laki-laki', '', 1, '2015-10-29 00:00:00', '0000-00-00 00:00:00', '620', 0, 483),
(621, 'Wuliton Bogum', '10010110041', 'Laki-laki', '', 1, '2015-10-29 00:00:00', '0000-00-00 00:00:00', '621', 0, 483),
(622, 'Yermiles Wenda', '10010110047', 'Laki-laki', '', 1, '2015-10-29 00:00:00', '0000-00-00 00:00:00', '622', 0, 483),
(623, 'Yomiron Wonda', '10010110048', 'Laki-laki', '', 1, '2015-10-29 00:00:00', '0000-00-00 00:00:00', '623', 0, 483),
(624, 'Yotanius Mayoba', '10010110049', 'Laki-laki', '', 1, '2015-10-29 00:00:00', '0000-00-00 00:00:00', '624', 0, 483),
(625, 'Armes Wonda', '10010210006', 'Laki-laki', '', 1, '2015-10-29 00:00:00', '0000-00-00 00:00:00', '625', 0, 483),
(626, 'Emiron Bembok', '10010210013', 'Laki-laki', '', 1, '2015-10-29 00:00:00', '0000-00-00 00:00:00', '626', 0, 483),
(627, 'Lesmin Kogoya', '10010210016', 'Laki-laki', '', 1, '2015-10-29 00:00:00', '0000-00-00 00:00:00', '627', 0, 483),
(628, 'Melianus Penggu', '10010210021', 'Laki-laki', '', 1, '2015-10-29 00:00:00', '0000-00-00 00:00:00', '628', 0, 483),
(629, 'Onni Tabuni', '10010210024', 'Laki-laki', '', 1, '2015-10-29 00:00:00', '0000-00-00 00:00:00', '629', 0, 483),
(630, 'Sadam Husen Jigibalom', '10010210026', 'Laki-laki', '', 1, '2015-10-29 00:00:00', '0000-00-00 00:00:00', '630', 0, 483),
(631, 'Emki Tabuni', '10010210037', 'Laki-laki', '', 1, '2015-10-29 00:00:00', '0000-00-00 00:00:00', '631', 0, 483),
(632, 'Etron Wandik', '10010310011', 'Laki-laki', '', 1, '2015-10-29 00:00:00', '0000-00-00 00:00:00', '632', 0, 483),
(633, 'Yosua Yikwa', '10010310029', 'Laki-laki', '', 1, '2015-10-29 00:00:00', '0000-00-00 00:00:00', '633', 0, 483),
(634, 'Yundi Yikwa', '10010310030', 'Laki-laki', '', 1, '2015-10-29 00:00:00', '0000-00-00 00:00:00', '634', 0, 483),
(635, 'Andiana Yikwa', '11010110004', 'Perempuan', '', 1, '2015-10-29 00:00:00', '0000-00-00 00:00:00', '635', 0, 483),
(636, 'Daranus Wenda', '11010110014', 'Laki-laki', '', 1, '2015-10-29 00:00:00', '0000-00-00 00:00:00', '636', 0, 483),
(637, 'Deli Wenda', '11010110016', 'Perempuan', '', 1, '2015-10-29 00:00:00', '0000-00-00 00:00:00', '637', 0, 483),
(638, 'Delison Gurik', '11010110017', 'Laki-laki', '', 1, '2015-10-29 00:00:00', '0000-00-00 00:00:00', '638', 0, 483),
(639, 'Elly Weya', '11010110021', 'Laki-laki', '', 1, '2015-10-29 00:00:00', '0000-00-00 00:00:00', '639', 0, 483),
(640, 'Elly Yanengga', '11010110022', 'Perempuan', '', 1, '2015-10-29 00:00:00', '0000-00-00 00:00:00', '640', 0, 483),
(641, 'Hospil Lambe', '11010110034', 'Laki-laki', '', 1, '2015-10-29 00:00:00', '0000-00-00 00:00:00', '641', 0, 483),
(642, 'Lemi Wonda', '11010110041', 'Laki-laki', '', 1, '2015-10-29 00:00:00', '0000-00-00 00:00:00', '642', 0, 483),
(643, 'Lenius Yigibalom', '11010110042', 'Laki-laki', '', 1, '2015-10-29 00:00:00', '0000-00-00 00:00:00', '643', 0, 483),
(644, 'Lepinus Weya', '11010110044', 'Laki-laki', '', 1, '2015-10-29 00:00:00', '0000-00-00 00:00:00', '644', 0, 483),
(645, 'Lince Yikwa', '11010110045', 'Perempuan', '', 1, '2015-10-29 00:00:00', '0000-00-00 00:00:00', '645', 0, 483),
(646, 'Lis Wenda', '11010110047', 'Perempuan', '', 1, '2015-10-29 00:00:00', '0000-00-00 00:00:00', '646', 0, 483),
(647, 'Muli Penggu', '11010110057', 'Laki-laki', '', 1, '2015-10-29 00:00:00', '0000-00-00 00:00:00', '647', 0, 483),
(648, 'Owen Wanimbo', '11010110066', 'Laki-laki', '', 1, '2015-10-29 00:00:00', '0000-00-00 00:00:00', '648', 0, 483),
(649, 'Renny Weyanipur', '11010110069', 'Perempuan', '', 1, '2015-10-29 00:00:00', '0000-00-00 00:00:00', '649', 0, 483),
(650, 'Temiles Tabuni', '11010110078', 'Laki-laki', '', 1, '2015-10-29 00:00:00', '0000-00-00 00:00:00', '650', 0, 483),
(651, 'Tepanus Wanimbo', '11010110079', 'Laki-laki', '', 1, '2015-10-29 00:00:00', '0000-00-00 00:00:00', '651', 0, 483),
(652, 'Teranus Tabo', '11010110080', 'Laki-laki', '', 1, '2015-10-29 00:00:00', '0000-00-00 00:00:00', '652', 0, 483),
(653, 'Wainus Kogoya', '11010110086', 'Laki-laki', '', 1, '2015-10-29 00:00:00', '0000-00-00 00:00:00', '653', 0, 483),
(654, 'Werson Yigibalom', '11010110088', 'Laki-laki', '', 1, '2015-10-29 00:00:00', '0000-00-00 00:00:00', '654', 0, 483),
(655, 'Wetita Kogoya', '11010110089', 'Perempuan', '', 1, '2015-10-29 00:00:00', '0000-00-00 00:00:00', '655', 0, 483),
(656, 'Yanus Yikwa', '11010110093', 'Laki-laki', '', 1, '2015-10-29 00:00:00', '0000-00-00 00:00:00', '656', 0, 483),
(657, 'Yemison Weya', '11010110096', 'Laki-laki', '', 1, '2015-10-29 00:00:00', '0000-00-00 00:00:00', '657', 0, 483),
(658, 'Yunus Kogoya', '11010110101', 'Laki-laki', '', 1, '2015-10-29 00:00:00', '0000-00-00 00:00:00', '658', 0, 483),
(659, 'Amsal Pagawak', '11010210001', 'Laki-laki', '', 1, '2015-10-29 00:00:00', '0000-00-00 00:00:00', '659', 0, 483),
(660, 'Antonius Kogoya', '11010210003', 'Laki-laki', '', 1, '2015-10-29 00:00:00', '0000-00-00 00:00:00', '660', 0, 483),
(661, 'Dolina Bogum', '11010210013', 'Perempuan', '', 1, '2015-10-29 00:00:00', '0000-00-00 00:00:00', '661', 0, 483),
(662, 'Emki Tabuni', '11010210019', 'Laki-laki', '', 1, '2015-10-29 00:00:00', '0000-00-00 00:00:00', '662', 0, 483),
(663, 'Geskilan Seminari Tabo', '11010210027', 'Laki-laki', '', 1, '2015-10-29 00:00:00', '0000-00-00 00:00:00', '663', 0, 483),
(664, 'Iwan Y.M. Kogoya', '11010210031', 'Laki-laki', '', 1, '2015-10-29 00:00:00', '0000-00-00 00:00:00', '664', 0, 483),
(665, 'Jhon Yikwa', '11010210033', 'Laki-laki', '', 1, '2015-10-29 00:00:00', '0000-00-00 00:00:00', '665', 0, 483),
(666, 'Mailes Wunungga', '11010210035', 'Laki-laki', '', 1, '2015-10-29 00:00:00', '0000-00-00 00:00:00', '666', 0, 483),
(667, 'Mendinus Kogoya', '11010210037', 'Laki-laki', '', 1, '2015-10-29 00:00:00', '0000-00-00 00:00:00', '667', 0, 483),
(668, 'Rosita Wanena', '11010210051', 'Perempuan', '', 1, '2015-10-29 00:00:00', '0000-00-00 00:00:00', '668', 0, 483),
(669, 'Temiles Weya', '11010210056', 'Laki-laki', '', 1, '2015-10-29 00:00:00', '0000-00-00 00:00:00', '669', 0, 483),
(670, 'Tutilan Pagawak', '11010210057', 'Laki-laki', '', 1, '2015-10-29 00:00:00', '0000-00-00 00:00:00', '670', 0, 483),
(671, 'Vison Kogoya', '11010210060', 'Laki-laki', '', 1, '2015-10-29 00:00:00', '0000-00-00 00:00:00', '671', 0, 483),
(672, 'Welvi Weya', '11010210064', 'Laki-laki', '', 1, '2015-10-29 00:00:00', '0000-00-00 00:00:00', '672', 0, 483),
(673, 'Wemiles Wunungga', '11010210065', 'Laki-laki', '', 1, '2015-10-29 00:00:00', '0000-00-00 00:00:00', '673', 0, 483),
(674, 'Wenibera Liwia', '11010210066', 'Perempuan', '', 1, '2015-10-29 00:00:00', '0000-00-00 00:00:00', '674', 0, 483),
(675, 'Dekky Yikwa', '11010310007', 'Laki-laki', '', 1, '2015-10-29 00:00:00', '0000-00-00 00:00:00', '675', 0, 483),
(676, 'Endy Weya', '11010310012', 'Laki-laki', '', 1, '2015-10-29 00:00:00', '0000-00-00 00:00:00', '676', 0, 483),
(677, 'Enos Suhun', '11010310013', 'Laki-laki', '', 1, '2015-10-29 00:00:00', '0000-00-00 00:00:00', '677', 0, 483),
(678, 'Esey Wanimbo', '11010310016', 'Laki-laki', '', 1, '2015-10-29 00:00:00', '0000-00-00 00:00:00', '678', 0, 483),
(679, 'Miletus Wenda', '11010310037', 'Laki-laki', '', 1, '2015-10-29 00:00:00', '0000-00-00 00:00:00', '679', 0, 483),
(680, 'Minus Giban', '11010310038', 'Laki-laki', '', 1, '2015-10-29 00:00:00', '0000-00-00 00:00:00', '680', 0, 483),
(681, 'Phiter Weya', '11010310044', 'Laki-laki', '', 1, '2015-10-29 00:00:00', '0000-00-00 00:00:00', '681', 0, 483),
(682, 'Simeton Weya', '11010310054', 'Laki-laki', '', 1, '2015-10-29 00:00:00', '0000-00-00 00:00:00', '682', 0, 483),
(683, 'Simson Wandik', '11010310056', 'Laki-laki', '', 1, '2015-10-29 00:00:00', '0000-00-00 00:00:00', '683', 0, 483),
(684, 'Yogi Towolom', '11010310065', 'Laki-laki', '', 1, '2015-10-29 00:00:00', '0000-00-00 00:00:00', '684', 0, 483),
(685, 'Yolera Wanimbo', '11010310066', 'Perempuan', '', 1, '2015-10-29 00:00:00', '0000-00-00 00:00:00', '685', 0, 483),
(686, 'Yomilera Yikwa', '11010310067', 'Perempuan', '', 1, '2015-10-29 00:00:00', '0000-00-00 00:00:00', '686', 0, 483),
(687, 'Yulius S', '11010310070', 'Laki-laki', '', 1, '2015-10-29 00:00:00', '0000-00-00 00:00:00', '687', 0, 483),
(688, 'Muiles Weya', '11010310071', 'Laki-laki', '', 1, '2015-10-29 00:00:00', '0000-00-00 00:00:00', '688', 0, 483),
(689, 'Nius Yigibalom', '11010310072', 'Laki-laki', '', 1, '2015-10-29 00:00:00', '0000-00-00 00:00:00', '689', 0, 483),
(690, 'Anike Yigibalom', '12010110010', 'Perempuan', '', 1, '2015-10-29 00:00:00', '0000-00-00 00:00:00', '690', 0, 483),
(691, 'Atenus Yikwa', '12010110016', 'Laki-laki', '', 1, '2015-10-29 00:00:00', '0000-00-00 00:00:00', '691', 0, 483),
(692, 'Betemina Kogoya', '12010110022', 'Perempuan', '', 1, '2015-10-29 00:00:00', '0000-00-00 00:00:00', '692', 0, 483),
(693, 'Dekison Kogoya', '12010110027', 'Laki-laki', '', 1, '2015-10-29 00:00:00', '0000-00-00 00:00:00', '693', 0, 483),
(694, 'Depiles Wanimbo', '12010110029', 'Laki-laki', '', 1, '2015-10-29 00:00:00', '0000-00-00 00:00:00', '694', 0, 483),
(695, 'Paulus Kogoya', '12010110082', 'Laki-laki', '', 1, '2015-10-29 00:00:00', '0000-00-00 00:00:00', '695', 0, 483),
(696, 'Talenus Kogoya', '12010110111', 'Laki-laki', '', 1, '2015-10-29 00:00:00', '0000-00-00 00:00:00', '696', 0, 483),
(697, 'Yopiles Karoba', '12010110124', 'Laki-laki', '', 1, '2015-10-29 00:00:00', '0000-00-00 00:00:00', '697', 0, 483),
(698, 'Othomi Kogoya', '12010110145', 'Laki-laki', '', 1, '2015-10-29 00:00:00', '0000-00-00 00:00:00', '698', 0, 483),
(699, 'Emisina Yikwa', '12010210025', 'Perempuan', '', 1, '2015-10-29 00:00:00', '0000-00-00 00:00:00', '699', 0, 483),
(700, 'Friska Weya', '12010210030', 'Perempuan', '', 1, '2015-10-29 00:00:00', '0000-00-00 00:00:00', '700', 0, 483),
(701, 'Maitena Gurik', '12010210049', 'Perempuan', '', 1, '2015-10-29 00:00:00', '0000-00-00 00:00:00', '701', 0, 483),
(702, 'Melisa Aque Wanimbo', '12010210057', 'Perempuan', '', 1, '2015-10-29 00:00:00', '0000-00-00 00:00:00', '702', 0, 483),
(703, 'Mendi Weya', '12010210058', 'Laki-laki', '', 1, '2015-10-29 00:00:00', '0000-00-00 00:00:00', '703', 0, 483),
(704, 'Mince Y Yikwa', '12010210060', 'Perempuan', '', 1, '2015-10-29 00:00:00', '0000-00-00 00:00:00', '704', 0, 483),
(705, 'Pelius Yigibalom', '12010210075', 'Laki-laki', '', 1, '2015-10-29 00:00:00', '0000-00-00 00:00:00', '705', 0, 483),
(706, 'Rando S Padang', '12010210081', 'Laki-laki', '', 1, '2015-10-29 00:00:00', '0000-00-00 00:00:00', '706', 0, 483),
(707, 'Latias Wenda', '12010210106', 'Laki-laki', '', 1, '2015-10-29 00:00:00', '0000-00-00 00:00:00', '707', 0, 483),
(708, 'Alimur Liwiya', '12010310005', 'Laki-laki', '', 1, '2015-10-29 00:00:00', '0000-00-00 00:00:00', '708', 0, 483),
(709, 'Bikira W Kogoya', '12010310017', 'Perempuan', '', 1, '2015-10-29 00:00:00', '0000-00-00 00:00:00', '709', 0, 483),
(710, 'Dommi Enumbi', '12010310026', 'Laki-laki', '', 1, '2015-10-29 00:00:00', '0000-00-00 00:00:00', '710', 0, 483),
(711, 'Ekir Yikwa', '12010310029', 'Laki-laki', '', 1, '2015-10-29 00:00:00', '0000-00-00 00:00:00', '711', 0, 483),
(712, 'Iriben Wenda', '12010310046', 'Laki-laki', '', 1, '2015-10-29 00:00:00', '0000-00-00 00:00:00', '712', 0, 483),
(713, 'Liten Wanena', '12010310054', 'Laki-laki', '', 1, '2015-10-29 00:00:00', '0000-00-00 00:00:00', '713', 0, 483),
(714, 'Neiles Wenda', '12010310068', 'Laki-laki', '', 1, '2015-10-29 00:00:00', '0000-00-00 00:00:00', '714', 0, 483),
(715, 'Paite Weya', '12010310078', 'Laki-laki', '', 1, '2015-10-29 00:00:00', '0000-00-00 00:00:00', '715', 0, 483),
(716, 'Pakimes Wenda', '12010310079', 'Laki-laki', '', 1, '2015-10-29 00:00:00', '0000-00-00 00:00:00', '716', 0, 483),
(717, 'Sila Wenda', '12010310093', 'Perempuan', '', 1, '2015-10-29 00:00:00', '0000-00-00 00:00:00', '717', 0, 483),
(718, 'Tius Huby', '12010310100', 'Laki-laki', '', 1, '2015-10-29 00:00:00', '0000-00-00 00:00:00', '718', 0, 483),
(719, 'Upatina Wandik', '12010310102', 'Perempuan', '', 1, '2015-10-29 00:00:00', '0000-00-00 00:00:00', '719', 0, 483),
(720, 'Yoiles Towolom', '12010310108', 'Laki-laki', '', 1, '2015-10-29 00:00:00', '0000-00-00 00:00:00', '720', 0, 483),
(721, 'Yudenus Wenda', '12010310109', 'Laki-laki', '', 1, '2015-10-29 00:00:00', '0000-00-00 00:00:00', '721', 0, 483),
(722, 'Yupri Wenda', '12010310112', 'Laki-laki', '', 1, '2015-10-29 00:00:00', '0000-00-00 00:00:00', '722', 0, 483),
(723, 'Yumiles Weya', '12010310122', 'Laki-laki', '', 1, '2015-10-29 00:00:00', '0000-00-00 00:00:00', '723', 0, 483),
(724, 'Iriben Wenda', '13010110051', 'Laki-laki', '', 1, '2015-10-29 00:00:00', '0000-00-00 00:00:00', '724', 0, 483),
(725, 'Liten Wanena', '13010110052', 'Laki-laki', '', 1, '2015-10-29 00:00:00', '0000-00-00 00:00:00', '725', 0, 483),
(726, 'Yoiles Towolom', '13010110053', 'Laki-laki', '', 1, '2015-10-29 00:00:00', '0000-00-00 00:00:00', '726', 0, 483),
(727, 'Paite Weya', '13010210021', 'Laki-laki', '', 1, '2015-10-29 00:00:00', '0000-00-00 00:00:00', '727', 0, 483),
(728, 'Pakimes Wenda', '13010210022', 'Laki-laki', '', 1, '2015-10-29 00:00:00', '0000-00-00 00:00:00', '728', 0, 483),
(729, 'Yupri Wenda', '13010210023', 'Laki-laki', '', 1, '2015-10-29 00:00:00', '0000-00-00 00:00:00', '729', 0, 483),
(730, 'Ladi Diana Miryam  Wopari', '12010210046', 'Perempuan', '', 1, '2015-10-29 00:00:00', '0000-00-00 00:00:00', '730', 0, 484),
(731, 'Hortensia Imaculata Mambrasar', '12010310042', 'Perempuan', '', 1, '2015-10-29 00:00:00', '0000-00-00 00:00:00', '731', 0, 484),
(732, 'Andreas Walyabo', '10010110002', 'Laki-laki', '', 1, '2015-10-29 00:00:00', '0000-00-00 00:00:00', '732', 0, 485),
(733, 'Bolca Hee', '10010110004', 'Laki-laki', '', 1, '2015-10-29 00:00:00', '0000-00-00 00:00:00', '733', 0, 485),
(734, 'Denes Yalak', '10010110005', 'Laki-laki', '', 1, '2015-10-29 00:00:00', '0000-00-00 00:00:00', '734', 0, 485),
(735, 'Elpius Wetapo', '10010110008', 'Laki-laki', '', 1, '2015-10-29 00:00:00', '0000-00-00 00:00:00', '735', 0, 485),
(736, 'Epi Balingga', '10010110009', 'Perempuan', '', 1, '2015-10-29 00:00:00', '0000-00-00 00:00:00', '736', 0, 485),
(737, 'Lusi Bahabol', '10010110016', 'Perempuan', '', 1, '2015-10-29 00:00:00', '0000-00-00 00:00:00', '737', 0, 485),
(738, 'Musa Mohi', '10010110022', 'Laki-laki', '', 1, '2015-10-29 00:00:00', '0000-00-00 00:00:00', '738', 0, 485),
(739, 'Namunek Kobak', '10010110023', 'Laki-laki', '', 1, '2015-10-29 00:00:00', '0000-00-00 00:00:00', '739', 0, 485),
(740, 'Okniel H. Balingga', '10010110025', 'Laki-laki', '', 1, '2015-10-29 00:00:00', '0000-00-00 00:00:00', '740', 0, 485),
(741, 'Perius Bahabol', '10010110028', 'Laki-laki', '', 1, '2015-10-29 00:00:00', '0000-00-00 00:00:00', '741', 0, 485),
(742, 'Terpet Wahla', '10010110034', 'Laki-laki', '', 1, '2015-10-29 00:00:00', '0000-00-00 00:00:00', '742', 0, 485),
(743, 'Udas Kobak', '10010110037', 'Laki-laki', '', 1, '2015-10-29 00:00:00', '0000-00-00 00:00:00', '743', 0, 485),
(744, 'Wesi Kaningga', '10010110040', 'Laki-laki', '', 1, '2015-10-29 00:00:00', '0000-00-00 00:00:00', '744', 0, 485),
(745, 'Yan Kobak', '10010110042', 'Laki-laki', '', 1, '2015-10-29 00:00:00', '0000-00-00 00:00:00', '745', 0, 485),
(746, 'Niana Kobak', '10010110052', 'Perempuan', '', 1, '2015-10-29 00:00:00', '0000-00-00 00:00:00', '746', 0, 485),
(747, 'Selius Neipsan', '10010110053', 'Laki-laki', '', 1, '2015-10-29 00:00:00', '0000-00-00 00:00:00', '747', 0, 485),
(748, 'Mekky Silak', '10010110054', 'Laki-laki', '', 1, '2015-10-29 00:00:00', '0000-00-00 00:00:00', '748', 0, 485),
(749, 'Ananias Baye', '10010210003', 'Laki-laki', '', 1, '2015-10-29 00:00:00', '0000-00-00 00:00:00', '749', 0, 485),
(750, 'Dina Mohi', '10010210007', 'Perempuan', '', 1, '2015-10-29 00:00:00', '0000-00-00 00:00:00', '750', 0, 485),
(751, 'Eli Giban', '10010210010', 'Laki-laki', '', 1, '2015-10-29 00:00:00', '0000-00-00 00:00:00', '751', 0, 485),
(752, 'Hengki Bayage', '10010210015', 'Laki-laki', '', 1, '2015-10-29 00:00:00', '0000-00-00 00:00:00', '752', 0, 485),
(753, 'Maret Yalak', '10010210018', 'Laki-laki', '', 1, '2015-10-29 00:00:00', '0000-00-00 00:00:00', '753', 0, 485),
(754, 'Merah Bahabol', '10010210022', 'Perempuan', '', 1, '2015-10-29 00:00:00', '0000-00-00 00:00:00', '754', 0, 485),
(755, 'Niton Kobak', '10010210023', 'Laki-laki', '', 1, '2015-10-29 00:00:00', '0000-00-00 00:00:00', '755', 0, 485),
(756, 'Uniel Mohi', '10010210028', 'Laki-laki', '', 1, '2015-10-29 00:00:00', '0000-00-00 00:00:00', '756', 0, 485),
(757, 'Utrek Sugun', '10010210029', 'Laki-laki', '', 1, '2015-10-29 00:00:00', '0000-00-00 00:00:00', '757', 0, 485),
(758, 'Yosam Kobak', '10010210032', 'Laki-laki', '', 1, '2015-10-29 00:00:00', '0000-00-00 00:00:00', '758', 0, 485),
(759, 'Yans Kobak', '10010210038', 'Laki-laki', '', 1, '2015-10-29 00:00:00', '0000-00-00 00:00:00', '759', 0, 485),
(760, 'Semu Kabak', '10010210039', 'Laki-laki', '', 1, '2015-10-29 00:00:00', '0000-00-00 00:00:00', '760', 0, 485),
(761, 'Ami Suhun', '10010310002', 'Perempuan', '', 1, '2015-10-29 00:00:00', '0000-00-00 00:00:00', '761', 0, 485),
(762, 'Attis Suhun', '10010310005', 'Laki-laki', '', 1, '2015-10-29 00:00:00', '0000-00-00 00:00:00', '762', 0, 485),
(763, 'Devia Passe', '10010310008', 'Laki-laki', '', 1, '2015-10-29 00:00:00', '0000-00-00 00:00:00', '763', 0, 485),
(764, 'Elli Sobolim', '10010310010', 'Laki-laki', '', 1, '2015-10-29 00:00:00', '0000-00-00 00:00:00', '764', 0, 485),
(765, 'Koronius Sobolim', '10010310017', 'Laki-laki', '', 1, '2015-10-29 00:00:00', '0000-00-00 00:00:00', '765', 0, 485),
(766, 'Yeni Bahabol', '10010310027', 'Perempuan', '', 1, '2015-10-29 00:00:00', '0000-00-00 00:00:00', '766', 0, 485),
(767, 'Yop Kanengga', '10010310028', 'Laki-laki', '', 1, '2015-10-29 00:00:00', '0000-00-00 00:00:00', '767', 0, 485),
(768, 'Seltina Esema', '10010310031', 'Perempuan', '', 1, '2015-10-29 00:00:00', '0000-00-00 00:00:00', '768', 0, 485),
(769, 'Natan Wahla', '10010310032', 'Laki-laki', '', 1, '2015-10-29 00:00:00', '0000-00-00 00:00:00', '769', 0, 485),
(770, 'Kenas Passe', '10010310033', 'Laki-laki', '', 1, '2015-10-29 00:00:00', '0000-00-00 00:00:00', '770', 0, 485),
(771, 'Eranius Nibsan', '10010310034', 'Laki-laki', '', 1, '2015-10-29 00:00:00', '0000-00-00 00:00:00', '771', 0, 485),
(772, 'Absai Tibul', '11010110001', 'Laki-laki', '', 1, '2015-10-29 00:00:00', '0000-00-00 00:00:00', '772', 0, 486),
(773, 'Lasarus Kepno', '11010110040', 'Laki-laki', '', 1, '2015-10-29 00:00:00', '0000-00-00 00:00:00', '773', 0, 486),
(774, 'Lenora Walilo', '11010110043', 'Perempuan', '', 1, '2015-10-29 00:00:00', '0000-00-00 00:00:00', '774', 0, 486),
(775, 'Mariyana kombo', '11010110050', 'Perempuan', '', 1, '2015-10-29 00:00:00', '0000-00-00 00:00:00', '775', 0, 486),
(776, 'Yeminus Kepno', '11010110095', 'Laki-laki', '', 1, '2015-10-29 00:00:00', '0000-00-00 00:00:00', '776', 0, 486),
(777, 'Yermias Kepno', '11010110097', 'Laki-laki', '', 1, '2015-10-29 00:00:00', '0000-00-00 00:00:00', '777', 0, 486),
(778, 'Yonanias Weremas', '11010110100', 'Laki-laki', '', 1, '2015-10-29 00:00:00', '0000-00-00 00:00:00', '778', 0, 486),
(779, 'Hakai Pahabol', '11010210028', 'Laki-laki', '', 1, '2015-10-29 00:00:00', '0000-00-00 00:00:00', '779', 0, 486),
(780, 'Mika Amogoso', '11010210039', 'Perempuan', '', 1, '2015-10-29 00:00:00', '0000-00-00 00:00:00', '780', 0, 486),
(781, 'Othis Loho', '11010210043', 'Laki-laki', '', 1, '2015-10-29 00:00:00', '0000-00-00 00:00:00', '781', 0, 486),
(782, 'Wani Aliknoe', '11010210062', 'Laki-laki', '', 1, '2015-10-29 00:00:00', '0000-00-00 00:00:00', '782', 0, 486),
(783, 'Yafet Halerohon', '11010210067', 'Laki-laki', '', 1, '2015-10-29 00:00:00', '0000-00-00 00:00:00', '783', 0, 486),
(784, 'Arnus Itlay', '11010310003', 'Laki-laki', '', 1, '2015-10-29 00:00:00', '0000-00-00 00:00:00', '784', 0, 486),
(785, 'Filemon Walianggen', '11010310017', 'Laki-laki', '', 1, '2015-10-29 00:00:00', '0000-00-00 00:00:00', '785', 0, 486),
(786, 'Neles Tuliahanuk', '11010310040', 'Laki-laki', '', 1, '2015-10-29 00:00:00', '0000-00-00 00:00:00', '786', 0, 486),
(787, 'Noven Kepno', '11010310041', 'Laki-laki', '', 1, '2015-10-29 00:00:00', '0000-00-00 00:00:00', '787', 0, 486),
(788, 'Sergius Kepno', '11010310052', 'Laki-laki', '', 1, '2015-10-29 00:00:00', '0000-00-00 00:00:00', '788', 0, 486),
(789, 'Simeon Tibul', '11010310053', 'Laki-laki', '', 1, '2015-10-29 00:00:00', '0000-00-00 00:00:00', '789', 0, 486),
(790, 'Yance Yohame', '11010310060', 'Laki-laki', '', 1, '2015-10-29 00:00:00', '0000-00-00 00:00:00', '790', 0, 486),
(791, 'Yatin Gombo', '11010310062', 'Laki-laki', '', 1, '2015-10-29 00:00:00', '0000-00-00 00:00:00', '791', 0, 486),
(792, 'Febrinna Mona Saputri', '11010110026', 'Perempuan', '', 1, '2015-10-29 00:00:00', '0000-00-00 00:00:00', '792', 0, 123),
(793, 'Nurdini Elmunawarah', '11010110063', 'Perempuan', '', 1, '2015-10-29 00:00:00', '0000-00-00 00:00:00', '793', 0, 123),
(794, 'Rizqa Yunisha', '11010110070', 'Perempuan', '', 1, '2015-10-29 00:00:00', '0000-00-00 00:00:00', '794', 0, 123),
(795, 'Tri Suhartono', '11010110082', 'Laki-laki', '', 1, '2015-10-29 00:00:00', '0000-00-00 00:00:00', '795', 0, 123),
(796, 'Evin Kurniasih', '11010210022', 'Perempuan', '', 1, '2015-10-29 00:00:00', '0000-00-00 00:00:00', '796', 0, 123),
(797, 'Galuh Titi Fatimah', '11010210026', 'Perempuan', '', 1, '2015-10-29 00:00:00', '0000-00-00 00:00:00', '797', 0, 123),
(798, 'Hartamansyah Khatami', '11010210029', 'Laki-laki', '', 1, '2015-10-29 00:00:00', '0000-00-00 00:00:00', '798', 0, 123),
(799, 'Heny Martaviana', '11010210030', 'Perempuan', '', 1, '2015-10-29 00:00:00', '0000-00-00 00:00:00', '799', 0, 123),
(800, 'Muhammad Arif', '11010210040', 'Laki-laki', '', 1, '2015-10-29 00:00:00', '0000-00-00 00:00:00', '800', 0, 123),
(801, 'Siti Zahara', '11010210053', 'Perempuan', '', 1, '2015-10-29 00:00:00', '0000-00-00 00:00:00', '801', 0, 123),
(802, 'Sri Utami', '11010210055', 'Perempuan', '', 1, '2015-10-29 00:00:00', '0000-00-00 00:00:00', '802', 0, 123),
(803, 'Dini Atika Sari', '11010310010', 'Perempuan', '', 1, '2015-10-29 00:00:00', '0000-00-00 00:00:00', '803', 0, 123),
(804, 'Erni Meilisa Susanti', '11010310014', 'Perempuan', '', 1, '2015-10-29 00:00:00', '0000-00-00 00:00:00', '804', 0, 123),
(805, 'Gusniati', '11010310023', 'Perempuan', '', 1, '2015-10-29 00:00:00', '0000-00-00 00:00:00', '805', 0, 123),
(806, 'Rafika Agustiawan', '11010310047', 'Laki-laki', '', 1, '2015-10-29 00:00:00', '0000-00-00 00:00:00', '806', 0, 123),
(807, 'Adleti Martha Romana', '12010110001', 'Perempuan', '', 1, '2015-10-29 00:00:00', '0000-00-00 00:00:00', '807', 0, 123),
(808, 'Ahmad Zulfakar Rahmadi', '12010110004', 'Laki-laki', '', 1, '2015-10-29 00:00:00', '0000-00-00 00:00:00', '808', 0, 123),
(809, 'Akhmad Khairil Alam', '12010110005', 'Laki-laki', '', 1, '2015-10-29 00:00:00', '0000-00-00 00:00:00', '809', 0, 123),
(810, 'Asri Gita', '12010110014', 'Perempuan', '', 1, '2015-10-29 00:00:00', '0000-00-00 00:00:00', '810', 0, 123),
(811, 'Atikah Marini', '12010110017', 'Perempuan', '', 1, '2015-10-29 00:00:00', '0000-00-00 00:00:00', '811', 0, 123),
(812, 'Ayu Mentari', '12010110018', 'Perempuan', '', 1, '2015-10-29 00:00:00', '0000-00-00 00:00:00', '812', 0, 123),
(813, 'Berliana Sari Silaban', '12010110020', 'Perempuan', '', 1, '2015-10-29 00:00:00', '0000-00-00 00:00:00', '813', 0, 123),
(814, 'Detta Anastasya', '12010110031', 'Perempuan', '', 1, '2015-10-29 00:00:00', '0000-00-00 00:00:00', '814', 0, 123),
(815, 'Dwi Wulandari', '12010110032', 'Perempuan', '', 1, '2015-10-29 00:00:00', '0000-00-00 00:00:00', '815', 0, 123),
(816, 'Dyah Indah Adrelia', '12010110033', 'Perempuan', '', 1, '2015-10-29 00:00:00', '0000-00-00 00:00:00', '816', 0, 123),
(817, 'Eka Prihartini', '12010110034', 'Perempuan', '', 1, '2015-10-29 00:00:00', '0000-00-00 00:00:00', '817', 0, 123),
(818, 'Fadila Hasmita', '12010110037', 'Perempuan', '', 1, '2015-10-29 00:00:00', '0000-00-00 00:00:00', '818', 0, 123),
(819, 'Ira Silviana Rahman', '12010110050', 'Perempuan', '', 1, '2015-10-29 00:00:00', '0000-00-00 00:00:00', '819', 0, 123),
(820, 'Irina Gustiani', '12010110051', 'Perempuan', '', 1, '2015-10-29 00:00:00', '0000-00-00 00:00:00', '820', 0, 123),
(821, 'Lia Purnama Indah', '12010110058', 'Perempuan', '', 1, '2015-10-29 00:00:00', '0000-00-00 00:00:00', '821', 0, 123),
(822, 'Lilis Sri Jayanti Manulang', '12010110059', 'Perempuan', '', 1, '2015-10-29 00:00:00', '0000-00-00 00:00:00', '822', 0, 123),
(823, 'Marini Oktaria', '12010110064', 'Perempuan', '', 1, '2015-10-29 00:00:00', '0000-00-00 00:00:00', '823', 0, 123),
(824, 'Masayu Rita Zahara', '12010110065', 'Perempuan', '', 1, '2015-10-29 00:00:00', '0000-00-00 00:00:00', '824', 0, 123),
(825, 'Mika Meitriana Manurung', '12010110067', 'Perempuan', '', 1, '2015-10-29 00:00:00', '0000-00-00 00:00:00', '825', 0, 123),
(826, 'Muhammad Yanudin Dwi Putra', '12010110069', 'Laki-laki', '', 1, '2015-10-29 00:00:00', '0000-00-00 00:00:00', '826', 0, 123),
(827, 'Mutiarani', '12010110070', 'Perempuan', '', 1, '2015-10-29 00:00:00', '0000-00-00 00:00:00', '827', 0, 123),
(828, 'Nia Yuniarti', '12010110072', 'Perempuan', '', 1, '2015-10-29 00:00:00', '0000-00-00 00:00:00', '828', 0, 123),
(829, 'Novi Purnama Sari', '12010110076', 'Perempuan', '', 1, '2015-10-29 00:00:00', '0000-00-00 00:00:00', '829', 0, 123);
INSERT INTO `orang` (`id`, `nama`, `no_identitas`, `jk`, `alamat`, `is_active`, `created_at`, `updated_at`, `token`, `is_delete`, `kabupaten_id`) VALUES
(830, 'Putri Lestari', '12010110084', 'Perempuan', '', 1, '2015-10-29 00:00:00', '0000-00-00 00:00:00', '830', 0, 123),
(831, 'Qopa Almaisurie', '12010110085', 'Perempuan', '', 1, '2015-10-29 00:00:00', '0000-00-00 00:00:00', '831', 0, 123),
(832, 'Qurniawan Agung Putra', '12010110086', 'Laki-laki', '', 1, '2015-10-29 00:00:00', '0000-00-00 00:00:00', '832', 0, 123),
(833, 'Raden Nurlidya Agustia Devega', '12010110087', 'Perempuan', '', 1, '2015-10-29 00:00:00', '0000-00-00 00:00:00', '833', 0, 123),
(834, 'Rahma Ramadayanti', '12010110088', 'Perempuan', '', 1, '2015-10-29 00:00:00', '0000-00-00 00:00:00', '834', 0, 123),
(835, 'Regina Aprilla', '12010110090', 'Perempuan', '', 1, '2015-10-29 00:00:00', '0000-00-00 00:00:00', '835', 0, 123),
(836, 'Ria Anggraini Nurhidayah', '12010110091', 'Perempuan', '', 1, '2015-10-29 00:00:00', '0000-00-00 00:00:00', '836', 0, 123),
(837, 'Rika Itho Manalu', '12010110092', 'Perempuan', '', 1, '2015-10-29 00:00:00', '0000-00-00 00:00:00', '837', 0, 123),
(838, 'Sari Juliana', '12010110098', 'Perempuan', '', 1, '2015-10-29 00:00:00', '0000-00-00 00:00:00', '838', 0, 123),
(839, 'Serly Ayu Saputri', '12010110103', 'Perempuan', '', 1, '2015-10-29 00:00:00', '0000-00-00 00:00:00', '839', 0, 123),
(840, 'Sri Ratna Dewi', '12010110107', 'Perempuan', '', 1, '2015-10-29 00:00:00', '0000-00-00 00:00:00', '840', 0, 123),
(841, 'Venny Kurniawati', '12010110115', 'Perempuan', '', 1, '2015-10-29 00:00:00', '0000-00-00 00:00:00', '841', 0, 123),
(842, 'Wisnu Dwi Prakoso', '12010110118', 'Laki-laki', '', 1, '2015-10-29 00:00:00', '0000-00-00 00:00:00', '842', 0, 123),
(843, 'Yuannisya Walimun', '12010110125', 'Perempuan', '', 1, '2015-10-29 00:00:00', '0000-00-00 00:00:00', '843', 0, 123),
(844, 'Yuli Pinasthika', '12010110126', 'Perempuan', '', 1, '2015-10-29 00:00:00', '0000-00-00 00:00:00', '844', 0, 123),
(845, 'Zhana Zhefira Maharani', '12010110129', 'Perempuan', '', 1, '2015-10-29 00:00:00', '0000-00-00 00:00:00', '845', 0, 123),
(846, 'Zunia Miranda', '12010110130', 'Perempuan', '', 1, '2015-10-29 00:00:00', '0000-00-00 00:00:00', '846', 0, 123),
(847, 'Suci Hardianti', '12010110139', 'Perempuan', '', 1, '2015-10-29 00:00:00', '0000-00-00 00:00:00', '847', 0, 123),
(848, 'Siti Khadijah Putri', '12010110140', 'Perempuan', '', 1, '2015-10-29 00:00:00', '0000-00-00 00:00:00', '848', 0, 123),
(849, 'Hartini', '12010110141', 'Perempuan', '', 1, '2015-10-29 00:00:00', '0000-00-00 00:00:00', '849', 0, 123),
(850, 'Dinna Cilvia Asri', '12010110149', 'Perempuan', '', 1, '2015-10-29 00:00:00', '0000-00-00 00:00:00', '850', 0, 123),
(851, 'Arini Pertiwi', '12010210003', 'Perempuan', '', 1, '2015-10-29 00:00:00', '0000-00-00 00:00:00', '851', 0, 123),
(852, 'Aspri Ayu Jarlismi', '12010210006', 'Perempuan', '', 1, '2015-10-29 00:00:00', '0000-00-00 00:00:00', '852', 0, 123),
(853, 'Ayu Deshiana', '12010210008', 'Perempuan', '', 1, '2015-10-29 00:00:00', '0000-00-00 00:00:00', '853', 0, 123),
(854, 'Ayu Dwi Puspita Sari', '12010210009', 'Perempuan', '', 1, '2015-10-29 00:00:00', '0000-00-00 00:00:00', '854', 0, 123),
(855, 'Bella Tania', '12010210013', 'Perempuan', '', 1, '2015-10-29 00:00:00', '0000-00-00 00:00:00', '855', 0, 123),
(856, 'Chairunnisa', '12010210014', 'Perempuan', '', 1, '2015-10-29 00:00:00', '0000-00-00 00:00:00', '856', 0, 123),
(857, 'Chika Pramudya Putri', '12010210015', 'Perempuan', '', 1, '2015-10-29 00:00:00', '0000-00-00 00:00:00', '857', 0, 123),
(858, 'Desma Amalia Sara', '12010210016', 'Perempuan', '', 1, '2015-10-29 00:00:00', '0000-00-00 00:00:00', '858', 0, 123),
(859, 'Desy Ratnasari', '12010210017', 'Perempuan', '', 1, '2015-10-29 00:00:00', '0000-00-00 00:00:00', '859', 0, 123),
(860, 'Dian Nurdikara', '12010210018', 'Perempuan', '', 1, '2015-10-29 00:00:00', '0000-00-00 00:00:00', '860', 0, 123),
(861, 'Dwi Novita Sari', '12010210024', 'Perempuan', '', 1, '2015-10-29 00:00:00', '0000-00-00 00:00:00', '861', 0, 123),
(862, 'Fachrurrozy Alhamdani', '12010210026', 'Laki-laki', '', 1, '2015-10-29 00:00:00', '0000-00-00 00:00:00', '862', 0, 123),
(863, 'Fitri Yanti', '12010210029', 'Perempuan', '', 1, '2015-10-29 00:00:00', '0000-00-00 00:00:00', '863', 0, 123),
(864, 'Gusti Ayu Rivana Pratiwi', '12010210033', 'Perempuan', '', 1, '2015-10-29 00:00:00', '0000-00-00 00:00:00', '864', 0, 123),
(865, 'Hastuti', '12010210035', 'Perempuan', '', 1, '2015-10-29 00:00:00', '0000-00-00 00:00:00', '865', 0, 123),
(866, 'Ichtiar Rizki Erianti', '12010210037', 'Perempuan', '', 1, '2015-10-29 00:00:00', '0000-00-00 00:00:00', '866', 0, 123),
(867, 'Indra Wijaya Putra', '12010210040', 'Laki-laki', '', 1, '2015-10-29 00:00:00', '0000-00-00 00:00:00', '867', 0, 123),
(868, 'Intan Ambarsari', '12010210042', 'Perempuan', '', 1, '2015-10-29 00:00:00', '0000-00-00 00:00:00', '868', 0, 123),
(869, 'Kenny Septia Anugerah', '12010210044', 'Perempuan', '', 1, '2015-10-29 00:00:00', '0000-00-00 00:00:00', '869', 0, 123),
(870, 'M Raynaldo Sandita Powa', '12010210047', 'Laki-laki', '', 1, '2015-10-29 00:00:00', '0000-00-00 00:00:00', '870', 0, 123),
(871, 'Maghfira Kania Putri', '12010210048', 'Perempuan', '', 1, '2015-10-29 00:00:00', '0000-00-00 00:00:00', '871', 0, 123),
(872, 'Marezhaq Salsabilla', '12010210050', 'Perempuan', '', 1, '2015-10-29 00:00:00', '0000-00-00 00:00:00', '872', 0, 123),
(873, 'Maya Sari Dewi', '12010210056', 'Perempuan', '', 1, '2015-10-29 00:00:00', '0000-00-00 00:00:00', '873', 0, 123),
(874, 'Muthmainah', '12010210061', 'Perempuan', '', 1, '2015-10-29 00:00:00', '0000-00-00 00:00:00', '874', 0, 123),
(875, 'Nia Kassandra Yuliaty', '12010210063', 'Perempuan', '', 1, '2015-10-29 00:00:00', '0000-00-00 00:00:00', '875', 0, 123),
(876, 'Nofilia Dwi Puspita', '12010210064', 'Perempuan', '', 1, '2015-10-29 00:00:00', '0000-00-00 00:00:00', '876', 0, 123),
(877, 'Novi Kurnia Wati', '12010210066', 'Perempuan', '', 1, '2015-10-29 00:00:00', '0000-00-00 00:00:00', '877', 0, 123),
(878, 'Nur Amanah', '12010210068', 'Perempuan', '', 1, '2015-10-29 00:00:00', '0000-00-00 00:00:00', '878', 0, 123),
(879, 'Nuril Tsalits Uswatun Nafilah', '12010210069', 'Perempuan', '', 1, '2015-10-29 00:00:00', '0000-00-00 00:00:00', '879', 0, 123),
(880, 'Nyimas Miftahul Jannah', '12010210071', 'Perempuan', '', 1, '2015-10-29 00:00:00', '0000-00-00 00:00:00', '880', 0, 123),
(881, 'Pia Elisa', '12010210076', 'Perempuan', '', 1, '2015-10-29 00:00:00', '0000-00-00 00:00:00', '881', 0, 123),
(882, 'Ramadhanil Fajri Islamy', '12010210080', 'Laki-laki', '', 1, '2015-10-29 00:00:00', '0000-00-00 00:00:00', '882', 0, 123),
(883, 'Ria Rizki', '12010210084', 'Perempuan', '', 1, '2015-10-29 00:00:00', '0000-00-00 00:00:00', '883', 0, 123),
(884, 'Riky Tarnando', '12010210085', 'Laki-laki', '', 1, '2015-10-29 00:00:00', '0000-00-00 00:00:00', '884', 0, 123),
(885, 'Sari Yulli Safitri', '12010210088', 'Perempuan', '', 1, '2015-10-29 00:00:00', '0000-00-00 00:00:00', '885', 0, 123),
(886, 'Sri Lestari', '12010210089', 'Perempuan', '', 1, '2015-10-29 00:00:00', '0000-00-00 00:00:00', '886', 0, 123),
(887, 'Syiroja Isyatirrodiyah', '12010210090', 'Perempuan', '', 1, '2015-10-29 00:00:00', '0000-00-00 00:00:00', '887', 0, 123),
(888, 'Tassa Khairun Nisa', '12010210091', 'Perempuan', '', 1, '2015-10-29 00:00:00', '0000-00-00 00:00:00', '888', 0, 123),
(889, 'Trimahdania Ulandari', '12010210092', 'Perempuan', '', 1, '2015-10-29 00:00:00', '0000-00-00 00:00:00', '889', 0, 123),
(890, 'Wulan Puspaningsih', '12010210096', 'Perempuan', '', 1, '2015-10-29 00:00:00', '0000-00-00 00:00:00', '890', 0, 123),
(891, 'Ahmad Fakhri', '12010310003', 'Laki-laki', '', 1, '2015-10-29 00:00:00', '0000-00-00 00:00:00', '891', 0, 123),
(892, 'Anas Azhar', '12010310009', 'Laki-laki', '', 1, '2015-10-29 00:00:00', '0000-00-00 00:00:00', '892', 0, 123),
(893, 'Hari Rahmadi', '12010310040', 'Laki-laki', '', 1, '2015-10-29 00:00:00', '0000-00-00 00:00:00', '893', 0, 123),
(894, 'Iqbal Wahyu Septiyadi', '12010310045', 'Laki-laki', '', 1, '2015-10-29 00:00:00', '0000-00-00 00:00:00', '894', 0, 123),
(895, 'Kiki Gusti Riza', '12010310049', 'Laki-laki', '', 1, '2015-10-29 00:00:00', '0000-00-00 00:00:00', '895', 0, 123),
(896, 'Muhammad Milzam Rosyadi', '12010310066', 'Laki-laki', '', 1, '2015-10-29 00:00:00', '0000-00-00 00:00:00', '896', 0, 123),
(897, 'Muhammad Romzy Hidayat', '12010310067', 'Laki-laki', '', 1, '2015-10-29 00:00:00', '0000-00-00 00:00:00', '897', 0, 123),
(898, 'Randy Ahmad Nadzirin', '12010310084', 'Laki-laki', '', 1, '2015-10-29 00:00:00', '0000-00-00 00:00:00', '898', 0, 123),
(899, 'Suhery Handoko', '12010310096', 'Laki-laki', '', 1, '2015-10-29 00:00:00', '0000-00-00 00:00:00', '899', 0, 123),
(900, 'Muhammad Romzy Hidayat', '13010110054', 'Laki-laki', '', 1, '2015-10-29 00:00:00', '0000-00-00 00:00:00', '900', 0, 123);

-- --------------------------------------------------------

--
-- Table structure for table `penghuni`
--

CREATE TABLE IF NOT EXISTS `penghuni` (
  `id` int(11) NOT NULL AUTO_INCREMENT,
  `tanggal` date NOT NULL,
  `is_active` tinyint(1) NOT NULL,
  `created_at` datetime NOT NULL,
  `updated_at` datetime DEFAULT NULL,
  `token` varchar(255) COLLATE utf8_unicode_ci NOT NULL,
  `ruangan_id` int(11) DEFAULT NULL,
  `orang_id` int(11) DEFAULT NULL,
  `is_delete` tinyint(1) DEFAULT NULL,
  PRIMARY KEY (`id`),
  UNIQUE KEY `UNIQ_6AA8024E5F37A13B` (`token`),
  KEY `IDX_6AA8024E9F90D1D9` (`ruangan_id`),
  KEY `IDX_6AA8024ECD456A37` (`orang_id`)
) ENGINE=InnoDB  DEFAULT CHARSET=utf8 COLLATE=utf8_unicode_ci AUTO_INCREMENT=2 ;

--
-- Dumping data for table `penghuni`
--

INSERT INTO `penghuni` (`id`, `tanggal`, `is_active`, `created_at`, `updated_at`, `token`, `ruangan_id`, `orang_id`, `is_delete`) VALUES
(1, '2015-10-28', 1, '2015-10-29 09:56:24', '2015-10-29 09:57:32', 'eb2fe0abd4affd3f6a6ebba460cb5e4a874ac489', 5, 784, 1);

-- --------------------------------------------------------

--
-- Table structure for table `provinsi`
--

CREATE TABLE IF NOT EXISTS `provinsi` (
  `id` int(11) NOT NULL AUTO_INCREMENT,
  `name` varchar(255) COLLATE utf8_unicode_ci NOT NULL,
  `is_delete` tinyint(1) DEFAULT NULL,
  `is_active` tinyint(1) NOT NULL,
  `created_at` datetime NOT NULL,
  `updated_at` datetime DEFAULT NULL,
  `token` varchar(255) COLLATE utf8_unicode_ci NOT NULL,
  PRIMARY KEY (`id`),
  UNIQUE KEY `UNIQ_9AE8A715F37A13B` (`token`)
) ENGINE=InnoDB  DEFAULT CHARSET=utf8 COLLATE=utf8_unicode_ci AUTO_INCREMENT=34 ;

--
-- Dumping data for table `provinsi`
--

INSERT INTO `provinsi` (`id`, `name`, `is_delete`, `is_active`, `created_at`, `updated_at`, `token`) VALUES
(1, 'Aceh', NULL, 1, '0000-00-00 00:00:00', '0000-00-00 00:00:00', '1'),
(2, 'Sumatera Utara', NULL, 1, '0000-00-00 00:00:00', '0000-00-00 00:00:00', '2'),
(3, 'Bengkulu', NULL, 1, '0000-00-00 00:00:00', '0000-00-00 00:00:00', '3'),
(4, 'Jambi', NULL, 1, '0000-00-00 00:00:00', '0000-00-00 00:00:00', '4'),
(5, 'Riau', NULL, 1, '0000-00-00 00:00:00', '0000-00-00 00:00:00', '5'),
(6, 'Sumatera Barat', NULL, 1, '0000-00-00 00:00:00', '0000-00-00 00:00:00', '6'),
(7, 'Sumatera Selatan', NULL, 1, '0000-00-00 00:00:00', '0000-00-00 00:00:00', '7'),
(8, 'Lampung', NULL, 1, '0000-00-00 00:00:00', '0000-00-00 00:00:00', '8'),
(9, 'Kepulauan Bangka Belitung', NULL, 1, '0000-00-00 00:00:00', '0000-00-00 00:00:00', '9'),
(10, 'Kepulauan Riau', NULL, 1, '0000-00-00 00:00:00', '0000-00-00 00:00:00', '10'),
(11, 'Banten', NULL, 1, '0000-00-00 00:00:00', '0000-00-00 00:00:00', '11'),
(12, 'Jawa Barat', NULL, 1, '0000-00-00 00:00:00', '0000-00-00 00:00:00', '12'),
(13, 'DKI Jakarta', NULL, 1, '0000-00-00 00:00:00', '0000-00-00 00:00:00', '13'),
(14, 'Jawa Tengah', NULL, 1, '0000-00-00 00:00:00', '0000-00-00 00:00:00', '14'),
(15, 'Jawa Timur', NULL, 1, '0000-00-00 00:00:00', '0000-00-00 00:00:00', '15'),
(16, 'Daerah Istimewa Yogyakarta', NULL, 1, '0000-00-00 00:00:00', '0000-00-00 00:00:00', '16'),
(17, 'Bali', NULL, 1, '0000-00-00 00:00:00', '0000-00-00 00:00:00', '17'),
(18, 'Nusa Tenggara Barat', NULL, 1, '0000-00-00 00:00:00', '0000-00-00 00:00:00', '18'),
(19, 'Nusa Tenggara Timur', NULL, 1, '0000-00-00 00:00:00', '0000-00-00 00:00:00', '19'),
(20, 'Kalimantan Barat', NULL, 1, '0000-00-00 00:00:00', '0000-00-00 00:00:00', '20'),
(21, 'Kalimantan Selatan', NULL, 1, '0000-00-00 00:00:00', '0000-00-00 00:00:00', '21'),
(22, 'Kalimantan Tengah', NULL, 1, '0000-00-00 00:00:00', '0000-00-00 00:00:00', '22'),
(23, 'Kalimantan Timur', NULL, 1, '0000-00-00 00:00:00', '0000-00-00 00:00:00', '23'),
(24, 'Gorontalo', NULL, 1, '0000-00-00 00:00:00', '0000-00-00 00:00:00', '24'),
(25, 'Sulawesi Selatan', NULL, 1, '0000-00-00 00:00:00', '0000-00-00 00:00:00', '25'),
(26, 'Sulawesi Tenggara', NULL, 1, '0000-00-00 00:00:00', '0000-00-00 00:00:00', '26'),
(27, 'Sulawesi Tengah', NULL, 1, '0000-00-00 00:00:00', '0000-00-00 00:00:00', '27'),
(28, 'Sulawesi Utara', NULL, 1, '0000-00-00 00:00:00', '0000-00-00 00:00:00', '28'),
(29, 'Sulawesi Barat', NULL, 1, '0000-00-00 00:00:00', '0000-00-00 00:00:00', '29'),
(30, 'Maluku', NULL, 1, '0000-00-00 00:00:00', '0000-00-00 00:00:00', '30'),
(31, 'Maluku Utara', NULL, 1, '0000-00-00 00:00:00', '0000-00-00 00:00:00', '31'),
(32, 'Papua', NULL, 1, '0000-00-00 00:00:00', '0000-00-00 00:00:00', '32'),
(33, 'Papua Barat', NULL, 1, '0000-00-00 00:00:00', '0000-00-00 00:00:00', '33');

-- --------------------------------------------------------

--
-- Table structure for table `ruangan`
--

CREATE TABLE IF NOT EXISTS `ruangan` (
  `id` int(11) NOT NULL AUTO_INCREMENT,
  `nama` varchar(255) COLLATE utf8_unicode_ci NOT NULL,
  `is_active` tinyint(1) NOT NULL,
  `created_at` datetime NOT NULL,
  `updated_at` datetime DEFAULT NULL,
  `token` varchar(255) COLLATE utf8_unicode_ci NOT NULL,
  `asrama_id` int(11) DEFAULT NULL,
  `is_delete` tinyint(1) DEFAULT NULL,
  PRIMARY KEY (`id`),
  UNIQUE KEY `UNIQ_59AB97DF5F37A13B` (`token`),
  KEY `IDX_59AB97DF4CA9357F` (`asrama_id`)
) ENGINE=InnoDB  DEFAULT CHARSET=utf8 COLLATE=utf8_unicode_ci AUTO_INCREMENT=6 ;

--
-- Dumping data for table `ruangan`
--

INSERT INTO `ruangan` (`id`, `nama`, `is_active`, `created_at`, `updated_at`, `token`, `asrama_id`, `is_delete`) VALUES
(5, 'LANTAI 1', 1, '2015-10-29 09:55:41', NULL, '753d4e48109ff75bd676e65fdabad7209034c892', 4, 0);

-- --------------------------------------------------------

--
-- Table structure for table `user`
--

CREATE TABLE IF NOT EXISTS `user` (
  `id` int(11) NOT NULL AUTO_INCREMENT,
  `asrama_id` int(11) DEFAULT NULL,
  `created_at` datetime NOT NULL,
  `updated_at` datetime DEFAULT NULL,
  `token` varchar(255) COLLATE utf8_unicode_ci NOT NULL,
  `username` varchar(255) COLLATE utf8_unicode_ci NOT NULL,
  `username_canonical` varchar(255) COLLATE utf8_unicode_ci NOT NULL,
  `email` varchar(255) COLLATE utf8_unicode_ci NOT NULL,
  `email_canonical` varchar(255) COLLATE utf8_unicode_ci NOT NULL,
  `enabled` tinyint(1) NOT NULL,
  `salt` varchar(255) COLLATE utf8_unicode_ci NOT NULL,
  `password` varchar(255) COLLATE utf8_unicode_ci NOT NULL,
  `last_login` datetime DEFAULT NULL,
  `locked` tinyint(1) NOT NULL,
  `expired` tinyint(1) NOT NULL,
  `expires_at` datetime DEFAULT NULL,
  `confirmation_token` varchar(255) COLLATE utf8_unicode_ci DEFAULT NULL,
  `password_requested_at` datetime DEFAULT NULL,
  `roles` longtext COLLATE utf8_unicode_ci NOT NULL COMMENT '(DC2Type:array)',
  `credentials_expired` tinyint(1) NOT NULL,
  `credentials_expire_at` datetime DEFAULT NULL,
  `is_delete` tinyint(1) DEFAULT NULL,
  PRIMARY KEY (`id`),
  UNIQUE KEY `UNIQ_8D93D6495F37A13B` (`token`),
  UNIQUE KEY `UNIQ_8D93D64992FC23A8` (`username_canonical`),
  UNIQUE KEY `UNIQ_8D93D649A0D96FBF` (`email_canonical`),
  KEY `IDX_8D93D6494CA9357F` (`asrama_id`)
) ENGINE=InnoDB  DEFAULT CHARSET=utf8 COLLATE=utf8_unicode_ci AUTO_INCREMENT=13 ;

--
-- Dumping data for table `user`
--

INSERT INTO `user` (`id`, `asrama_id`, `created_at`, `updated_at`, `token`, `username`, `username_canonical`, `email`, `email_canonical`, `enabled`, `salt`, `password`, `last_login`, `locked`, `expired`, `expires_at`, `confirmation_token`, `password_requested_at`, `roles`, `credentials_expired`, `credentials_expire_at`, `is_delete`) VALUES
(2, NULL, '2015-10-13 08:56:52', '2015-10-29 09:11:59', 'd62751f5e980627ff610f72f6b5e860cc62c4a2f', 'admin', 'admin', 'admin01@asrama.com', 'admin01@asrama.com', 1, 'imchm1hyrago8woc0kcw8soccc0wgwg', '$2y$13$imchm1hyrago8woc0kcw8efzRZpK3l2W9O2vLVYUCOEM7PjAZUPQy', '2015-10-29 09:11:59', 0, 0, NULL, NULL, NULL, 'a:1:{i:0;s:16:"ROLE_SUPER_ADMIN";}', 0, NULL, 0);

--
-- Constraints for dumped tables
--

--
-- Constraints for table `kabupaten`
--
ALTER TABLE `kabupaten`
  ADD CONSTRAINT `FK_F88809D4C3703970` FOREIGN KEY (`provinsi_id`) REFERENCES `provinsi` (`id`);

--
-- Constraints for table `orang`
--
ALTER TABLE `orang`
  ADD CONSTRAINT `FK_7DCB6C53DE60E87F` FOREIGN KEY (`kabupaten_id`) REFERENCES `kabupaten` (`id`);

--
-- Constraints for table `penghuni`
--
ALTER TABLE `penghuni`
  ADD CONSTRAINT `FK_6AA8024E9F90D1D9` FOREIGN KEY (`ruangan_id`) REFERENCES `ruangan` (`id`),
  ADD CONSTRAINT `FK_6AA8024ECD456A37` FOREIGN KEY (`orang_id`) REFERENCES `orang` (`id`);

--
-- Constraints for table `ruangan`
--
ALTER TABLE `ruangan`
  ADD CONSTRAINT `FK_59AB97DF4CA9357F` FOREIGN KEY (`asrama_id`) REFERENCES `asrama` (`id`);

--
-- Constraints for table `user`
--
ALTER TABLE `user`
  ADD CONSTRAINT `FK_8D93D6494CA9357F` FOREIGN KEY (`asrama_id`) REFERENCES `asrama` (`id`);

/*!40101 SET CHARACTER_SET_CLIENT=@OLD_CHARACTER_SET_CLIENT */;
/*!40101 SET CHARACTER_SET_RESULTS=@OLD_CHARACTER_SET_RESULTS */;
/*!40101 SET COLLATION_CONNECTION=@OLD_COLLATION_CONNECTION */;
